HocoNum,HighSpeed,total population,FTTH population,HoldingCompanyName
130002,0,38305,12263.0,"3 Rivers Telephone Cooperative, Inc."
130005,0,93,0.0,"Absaraka Cooperative Telephone Co., Inc."
130008,1,117913,56343.0,Ace Telephone Association
130010,0,81428,0.0,"Action Communications, Inc."
130011,0,80,80.0,"Adak Eagle Enterprises, LLC"
130012,1,75543,56360.0,Adams Telephone Co-Operative
130017,0,385,0.0,Agate Mutual Telephone Cooperative Association
130018,0,48291,0.0,"Agri-Valley Communications, Inc."
130019,1,635341,102445.0,"Air Advantage, LLC"
130028,0,286173,277.0,"Alaska Communications Systems Holdings, Inc."
130029,0,14375,0.0,"Alaska Power & Telephone, Inc."
130031,1,9650,9650.0,Albany Mutual Telephone Association
130032,1,11301,6451.0,"Albion Telephone Company, Inc."
130034,0,41155,33300.0,"Alenco Communications, Inc."
130035,1,9333,9333.0,Algona Municipal Utilities
130036,0,3322,3322.0,"Alhambra-Grantfork Communications, Inc."
130037,1,81754,29029.0,"All West Communications, Inc."
130039,1,42570,32098.0,"Allen's TV Cable Service, Inc."
130040,0,35185,35185.0,"Alliance Communications Cooperative, Inc."
130043,0,741,741.0,Alma Communications Company
130044,0,38653,1886.0,"Alma Telecom, Inc."
130045,0,11958,6332.0,"Alpine Communications, LLC"
130046,0,1916,0.0,Alta Municipal Utilities
130057,1,35773,1917.0,"Amery Telcom, Inc."
130058,1,15474,13867.0,Amherst Telephone Company
130059,1,442937,1457.0,"Amplex Electric, Inc."
130061,0,9792,0.0,Ansteorria Inc.
130062,0,382681,0.0,"Antelecom, Inc."
130065,0,78352,0.0,Arapahoe Telephone Company
130066,0,6772,6109.0,Arcadia Telephone Cooperative
130067,0,8139,2942.0,"Arctic Slope Telephone Association Cooperative, Inc."
130068,1,87649,64489.0,"Synergy Technology Partners, Inc."
130069,0,14839,0.0,"Arkansas Telephone Company, Inc."
130070,1,11660,11660.0,"Arkwest Communications, Inc."
130071,1,1014163,0.0,"Armstrong Holdings, Inc."
130073,0,3728,3728.0,The Arthur Mutual Telephone Company
130074,1,229432,33161.0,"Arvig Enterprises, Inc."
130077,1,125292836,25052084.0,AT&T Inc.
130079,1,5493740,1007322.0,ABRY Partners
130081,0,387419,0.0,Atlantic Tele-Network
130082,1,90405,39399.0,Atlantic Telephone Membership Corporation
130083,0,1692,0.0,"Atlas Telephone Company, Inc."
130084,0,1191,0.0,"Atwood Cable Systems, Inc."
130086,1,44912,2220.0,Axxis Communications/Gorge Networks
130087,0,2747,380.0,Ayersville Telephone Company
130090,1,8942,938.0,"Baca Valley Telephone Company, Inc."
130092,0,3011,3011.0,"Baldwin Nashville Telephone Company, Inc."
130093,0,30328,22586.0,"Baldwin Telecom, Inc."
130094,0,12918,12918.0,"Ballard Rural Telephone Cooperative Corporation, Inc."
130095,0,18514,6617.0,Baraga Telephone Company
130096,0,1072,0.0,Barnes City Cooperative Telephone Company
130097,0,145447,4874.0,Barry County Services Company
130098,1,141730,12330.0,Bascom Mutual Telephone Company
130103,0,61851,0.0,"Beamspeed, L.L.C."
130104,0,17942,1941.0,Beaver Creek Cooperative Telephone Company
130105,0,23496,0.0,"Bee Creek Communications, Inc."
130107,0,5128,0.0,"Beggs Telephone Company, Inc."
130108,1,27322,27322.0,BEK Communications Cooperative
130112,1,119857,24772.0,Ben Lomand
130114,0,19967,2693.0,BW Telcom
130115,0,27424,5133.0,Benton Cooperative Telephone Company
130116,0,2978017,131444.0,Benton Ridge Telephone Company
130118,0,2101,0.0,Beresford Municipal Telephone Company
130119,0,1032,658.0,Bergen Telephone Company
130120,0,11236,11236.0,"Bernard Telephone Company, Inc."
130122,1,212302,1285.0,Biddeford Internet Corporation
130123,1,42394,5194.0,"Big Bend Telephone Co., Inc."
130124,0,76027,0.0,"Big River Telephone, LLC"
130126,0,23567,1036.0,"Bijou Telephone Co-Op Association, Inc."
130127,0,44777,0.0,Birch Communications Inc.
130130,1,43103,35526.0,Bixby Telephone Company
130132,1,86726,10993.0,"Blackfoot Telephone Cooperative, Inc."
130133,1,40473,4638.0,Blanca Telephone Company/Jade Communications LLC
130134,0,3798,0.0,"Blanchard Telephone Association, Inc."
130136,1,30548,11837.0,Bledsoe Telephone Cooperative Inc.
130137,1,821257,14479.0,"Block Communications, Inc."
130138,1,7185,7185.0,Bloomer Telephone Company
130139,0,4484,2902.0,Bloomingdale Home Telephone Company
130140,1,16033,10909.0,"Bloomingdale Telephone Company, Inc."
130141,0,4058,3461.0,"Blossom Telephone Co., Inc."
130142,1,49985,16641.0,Rural Communications Holding Corporation
130144,0,18096,8302.0,"Blue Valley Tele-Communications, Inc."
130146,0,671405,0.0,Brandenburg Cellular Corporation
130148,0,3504,0.0,"BPM, Inc.?"
130149,1,34899,0.0,Braintree Electric Light Department
130150,1,148103,104118.0,Brandenburg Communications Corp.
130151,1,18254,18254.0,"Brantley Telephone Company, Inc."
130152,1,16840,420.0,Brazoria Telephone Company
130153,0,10297,7497.0,"Brazos Telephone Cooperative, Inc."
130154,1,18753,12660.0,Breda Telephone Corp.
130160,0,1739,0.0,Bristol Bay Telephone Cooperative
130161,1,50890,271.0,Broadband Corp.
130168,0,8136,0.0,Broken Bow TV Cable
130169,0,3031,2906.0,Brooklyn Mutual Telecommunications Cooperative
130170,0,3115,349.0,"Bruce Telephone Company, Inc."
130171,0,1316,0.0,Bryan Family Inc.
130175,0,69471,0.0,Buggs Island Telephone Cooperative
130176,1,124492,0.0,"Bulloch County Rural Telephone Cooperative, Inc."
130178,0,238,238.0,"Burke's Garden Telephone Co., Inc."
130179,0,11089,7863.0,Butler-Bremer Mutual Telephone Company
130183,1,4346198,4192.0,"Cable One, Inc."
130184,1,22947,0.0,"Cable Services, Inc."
130189,1,10814,2024.0,Calaveras Communications Company
130192,1,7849,2997.0,"Cambridge TelCom, Inc."
130193,1,15690,8558.0,"Cambridge Telephone Company, Inc."
130195,0,3072,0.0,Canadian Valley Telephone Company
130196,1,29505,21317.0,Canby Telephone Association
130199,0,7458,6462.0,"Cap Rock Telephone Cooperative, Inc."
130201,1,3055,1830.0,Carnegie Telephone Company
130202,0,48056,0.0,Carolina Mountain/Country Cablevision
130203,0,2325,0.0,"Carr Communications, Inc."
130204,1,3878,3878.0,Cascade Communications Company
130206,0,39200,27674.0,Day Management Corporation
130207,1,1085,1085.0,Casey Mutual Telephone Company
130208,1,61699,5693.0,"Cass Communications Management, Inc."
130210,0,2615,0.0,Castleberry Communications
130218,1,41841,40971.0,Cedar Falls Municipal Communications Utility
130223,0,1108,0.0,"Center Junction Telephone Company, Inc."
130224,1,8749,1553.0,"Central Arkansas Telephone Cooperative, Inc."
130226,0,19773,2039.0,Central Oklahoma Telephone Co.
130227,1,423520,9953.0,"Central Texas Telephone Cooperative, Inc."
130228,1,49674507,6151555.0,"CenturyLink, Inc."
130233,0,2279,0.0,Chapin Communications Corporation
130234,1,113637,21828.0,Chariton Valley Telephone Corporation
130235,1,102728182,638969.0,Charter Communications
130237,0,16453,0.0,Chatmoss Cablevision
130238,0,8547,5472.0,Chazy & Westport Telephone
130239,1,17102,11403.0,"Chequamegon Communications Cooperative, Inc."
130240,0,16345,640.0,Cherokee Telephone Company
130242,1,122322,9546.0,Chester Telephone Company
130243,0,6597,6597.0,Cheyenne River Sioux Tribe Telephone Authority
130244,1,30277,4839.0,"Chibardun Telephone Cooperative, Inc."
130245,1,70487,94.0,Chickasaw Holding Company
130250,0,4719,1304.0,Christensen Communications Company
130252,0,22216,17347.0,"Churchill County, State of Nevada"
130254,1,1884724,1375465.0,Cincinnati Bell Inc.
130258,0,33822403,10926625.0,Frontier Communications Corporation
130259,1,8739,7094.0,Citizens Mutual Telephone Cooperative
130263,0,15912,729.0,"Citizens Telephone Company of Higginsville, Missouri"
130264,1,20544,20544.0,Citizens Telephone Company of Kecksburg
130265,0,13829,3065.0,"Citizens Telephone Company, Inc. (GA)"
130266,1,28110,5459.0,Citizens Telephone Cooperative (VA)
130267,1,5380,5211.0,"Citizens Telephone Cooperative, Inc. (WI)"
130268,0,5636,1868.0,Citizens Telephone Corporation
130269,0,11136,7429.0,"Citizens-Vermont Acquisition Company, Inc."
130270,0,2622,2622.0,City of Barnesville Municipal Telephone
130271,1,21994,21994.0,City of Brookings Telephone Fund
130272,0,8973,0.0,City of Cairo
130274,0,422,214.0,City of Faith Municipal Telephone Company
130275,1,13131,12995.0,City of Ketchikan
130278,1,29775,1498.0,City of San Bruno
130279,0,105522,7388.0,City of Scottsburg
130281,0,29702,0.0,City of Thomasville Utilities
130282,1,25738,25738.0,City of Wadsworth
130283,0,4851,4851.0,City of Windom
130285,0,4910,4910.0,"Clarence Telephone Company, Inc."
130287,0,654,0.0,Clarksville Mutual Telephone Company
130288,1,34831,34831.0,"Clay County Rural Telephone Cooperative, Inc."
130289,0,12222,0.0,Clear Creek Mutual Telephone Company
130290,1,13814,13460.0,Clear Lake Independent Telephone Company
130291,0,6199,28.0,Clear Lake Telephone Company
130292,0,448939,0.0,"Clear Rate Communications, Inc."
130299,0,5457,3644.0,Climax Telephone Company
130300,1,23825,20540.0,Clinton County Telephone Company
130302,0,7657,7657.0,C-M-L Telephone Cooperative Association
130303,1,7417,0.0,Coast Communications Co. Inc.
130305,1,3221,3221.0,Cochrane Cooperative Telephone Company
130307,0,9411,2749.0,"Coleman County Telephone Cooperative, Inc."
130309,1,149722,1475.0,COLI Inc.
130310,0,4623,4623.0,Colo Telephone Company
130311,1,36294,2511.0,"Colorado Valley Telephone Cooperative, Inc."
130312,0,3296,3296.0,Colton Telephone Company
130314,1,12924,12924.0,Columbus Telephone Company
130315,1,61197,6595.0,"First American Holdings, LLC"
130316,0,14780,0.0,"Combined Technologies, Inc."
130317,1,110583356,17963.0,Comcast Corporation
130321,0,7821,7821.0,"Communications 1 Network, Inc."
130322,1,85543,0.0,"Community Antenna Service, Inc."
130324,0,5978,463.0,"Community Digital Wireless, LLC"
130325,0,3751,0.0,Community Internet Service (IA)
130326,0,5075,0.0,"Community Internet Systems, Inc. (NE)"
130327,0,3634,2119.0,"Community Telephone Co., Inc."
130329,1,50752,0.0,"Computer 5, Inc."
130331,0,225717,0.0,"Computer Sales & Services, Inc."
130335,1,5177566,965022.0,Hickory Tech Corporation
130337,1,36632,36524.0,Consolidated Telcom
130338,1,66594,55662.0,Consolidated Telephone Company
130340,0,60799,0.0,Conway Corporation
130343,0,6358,0.0,Coon Creek Telephone Company
130344,1,5646,5646.0,"Coon Valley Cooperative Telephone Association, Inc."
130345,0,5830,1903.0,"Coon Valley Farmers Telephone Company, Inc."
130346,0,3669,3237.0,Cooperative Telephone Company
130347,0,3377,3377.0,Cooperative Telephone Exchange
130349,0,6467,0.0,Copper Valley Telephone Cooperative
130352,0,2145,0.0,"Cordova Telephone Cooperative, Inc."
130353,0,3605,2505.0,Corn Belt Telephone Company
130360,1,20820381,1143908.0,"Cox Communications, Inc."
130361,0,5209,4059.0,Cozad Telephone Company
130362,0,26127,19216.0,"CP-Tel Holdings, Inc."
130363,1,13530,10834.0,"Craigville Telephone Company, Inc."
130364,1,49909,18959.0,Craw-Kan
130366,1,24836,5341.0,Cross Telephone Company LLC
130368,0,736,0.0,"Crossville Consolidated Communications, Inc."
130369,0,6525,5406.0,Crown Point Telephone Corporation
130370,1,19259006,360134.0,"CSC Holdings, LLC"
130374,0,5940,4207.0,Cumberland Telephone Company
130375,0,10999,3072.0,"Cumby Telephone Cooperative, Inc."
130378,0,9069,5531.0,Custer Telephone Cooperative Inc.
130380,1,15667,4009.0,"Cutter Communications, Inc."
130385,1,75899,0.0,"D & P Communications, Inc."
130386,1,27068,7467.0,"D D & B, Inc."
130387,1,25760,25520.0,Dakota Central Telecommunications Cooperative
130390,1,15844,13270.0,Danville Mutual Telephone Company (iconnectyou)
130391,0,13648,3779.0,"Darien Telephone Company, Inc."
130393,0,15231,15231.0,Daviess-Martin County RTC
130395,0,9291,0.0,"Decatur Holding Company, Inc."
130396,0,52391,12130.0,"DeKalb Telephone Cooperative, Inc."
130398,0,5540,5540.0,Delcambre Telephone Co.
130399,0,12256,10831.0,Delhi Telephone Company
130400,0,30033,28789.0,"Dell Telephone Cooperative, Inc."
130401,0,23203,203.0,Delta Communications
130402,0,8714,0.0,"DerbyTech, Inc."
130405,1,19276,19276.0,Dickey Rural Telephone Cooperative
130416,0,17131,16148.0,Doylestown Telephone Company
130419,1,3474,3474.0,Dumont Telephone Company
130420,0,4877,1460.0,"Dunbarton Telephone Company, Inc."
130421,0,2004,2004.0,Dunkerton Telephone Cooperative
130423,1,38035,19458.0,Duo County Telephone Cooperative Inc.
130425,0,42022,0.0,DWL Holding Company
130427,1,174539,26630.0,"E. Ritter Communications Holdings, Inc."
130429,0,74704,0.0,"Eagle Communications, Inc."
130431,0,485,485.0,"Eagle Telephone Systems, Inc."
130432,1,162569,147237.0,EATEL Corp.
130433,0,4636,0.0,East Buchanan Telephone Cooperative
130437,1,6206,29.0,"Eastern Indiana WIFI, Inc."
130439,0,11021,4968.0,"Eastern Slope Rural Telephone Association, Inc."
130440,1,78009,4951.0,"Eastex Telephone Cooperative, Inc."
130444,0,10189,0.0,Egyptian Telephone Cooperative Association
130445,0,51201,0.0,Electric and Water Plant Board of the City of Frankfort
130446,0,13548,0.0,"Electric Plant Board of the City of Glasgow, KY"
130448,0,26059,524.0,Ellerbe Telephone Company
130449,0,3594,1912.0,Ellington Telephone Company
130450,0,2784,2784.0,Ellsworth Cooperative Telephone Association
130453,1,44574,28622.0,Emery Telcom
130454,1,2407,2407.0,Emily Cooperative Telephone Company
130455,1,115441,93930.0,Empire Telephone Corporation/North Penn Telephone Company
130458,1,148609,79831.0,"ENMR Telephone Cooperative, Inc."
130459,1,543270,543270.0,"En-Touch Systems, Inc."
130460,0,2539,2539.0,Epic Touch Company
130464,1,46551,25160.0,"Etex Telephone Cooperative, Inc."
130472,0,7678,6741.0,Farmers & Merchants Mutual Telephone Company
130473,1,5810,4014.0,"F&B Communications, Inc."
130475,1,4842,4842.0,Farmers Cooperative Telephone Company-Dysart
130476,1,5744,3507.0,Farmers Independent Telephone Company
130477,0,10466,7346.0,Farmers Mutual Cooperative Telephone Company-Harlan
130478,0,1235,1235.0,Farmers Mutual Cooperative Telephone Company-Moulton
130479,1,8180,4130.0,Farmers Mutual Telephone Company (ID)
130481,0,92170,1489.0,Farmers Mutual Telephone Company (OH)
130482,1,6434,6434.0,"Farmers Mutual Telephone Company of Stanton, Iowa"
130483,1,5697,5377.0,Farmers Mutual Telephone Company-Jessup
130484,1,20523,16987.0,Farmers Mutual Telephone Company-Nora Springs
130485,0,38046,38046.0,Farmers Mutual Telephone Cooperative
130487,0,1081,562.0,"Farmers Telephone Company, Inc."
130488,0,1102,0.0,Farmers Telephone Company-Batavia
130489,1,4129,1296.0,Farmers Telephone Company-Essex
130490,1,207962,62835.0,"Farmers Telephone Cooperative, Inc. (SC)"
130491,0,130,0.0,Fayetteville Public Utilities
130492,0,205133,619.0,FDF Communications Co.
130494,1,18846,18416.0,Farmers Mutual Telephone Company (MN & SD)
130495,0,586,586.0,Fenton Cooperative Telephone Company
130497,1,414742,14583.0,Fidelity Communications Company
130500,0,161490,1401.0,"First Step Internet, LLC"
130502,1,17225,10505.0,"Five Area Telephone Cooperative, Inc."
130503,0,1242,0.0,"Flat Rock Telephone Co-Op, Inc."
130507,1,44364,43149.0,"Foothills Rural Telephone Cooperative Corporation, Inc."
130509,0,1548,1548.0,"Fort Mojave Telecommunications, Inc."
130511,0,29769,0.0,Waldron Communication Company
130513,0,129181,0.0,"Fox Valley Internet, Inc."
130514,0,1960,1348.0,"Franklin Telephone Co., Inc."
130524,1,7363,3312.0,"Ganado Telephone Company, Inc."
130526,1,27760,23454.0,Garden Valley Telephone Company
130527,1,122278,10206.0,Gardonville Cooperative Telephone Association
130528,1,4325,815.0,"Gargoyle Technologies, Inc."
130532,0,5640,644.0,Geetingsville Telephone Company Inc.
130534,1,583924,0.0,"General Communication, Inc."
130535,0,32360,22048.0,"Geneseo Communications, Inc."
130538,0,5892,3487.0,"Germantown Telephone Company, Inc."
130539,1,20137,18347.0,Gervais Telephone Company
130540,0,27250,0.0,GEUS
130542,0,18710,0.0,"Gila River Telecommunications, Inc."
130543,0,3074,2092.0,"Glandorf Telephone Co., Inc."
130544,0,3374,278.0,Glasford Telephone Company
130545,0,1575,0.0,Glenwood Telephone Company
130546,1,139691,23075.0,Glenwood Telephone Membership Corporation
130550,0,97231,55483.0,"Golden West Telecommunications Cooperative, Inc."
130551,0,5575,5575.0,"Golden Wheat, Inc."
130552,0,22107,0.0,Goldfield Telephone Company
130553,1,149515,887.0,Gonthier Inc.
130555,0,1134,1134.0,"Gorham Communications, Inc."
130557,0,14861,3448.0,"Grafton Communications, Inc."
130558,1,8285,8285.0,Granby Telephone Company
130559,0,13456,7053.0,Grand Mound Cooperative Telephone Association
130560,1,50272,36086.0,Grand River Mutual Telephone Corporation
130561,1,9406,2531.0,Grand Telephone Company
130565,1,3692,3692.0,Grauer Management Inc.
130567,0,14203,0.0,Great Lakes Communication Corp.
130569,0,61873,2023.0,"Great Plains Communications, Inc."
130570,0,22512,7285.0,Green Hills Telephone Corporation
130574,1,3673,3673.0,Griswold Cooperative Telephone Company
130576,1,63923,0.0,"Thames Valley Communications, Inc."
130578,1,135701,109581.0,"Guadalupe Valley Telephone Cooperative, Inc."
130580,0,5992,15.0,Gunnison Telephone Company
130581,0,12086,6384.0,"H&B Communications, Inc."
130583,1,14989,7397.0,Halstad Telephone Company
130584,1,51885,10966.0,Hamilton County Telephone Co-Op
130586,1,69192,63107.0,Hancock Rural Telephone Corporation
130587,0,1374623,1371638.0,Harbor Communications
130588,1,16509,12287.0,"Hardy Telecommunications, Inc."
130589,0,300726,118156.0,"Hargray Communications Group, Inc."
130590,0,7379,0.0,Harmony Telephone Company
130592,0,2872,2872.0,"Hartington Telecommunications Co., Inc."
130594,0,87397,0.0,"Haug Communications, Inc."
130595,1,1273673,698328.0,"Hawaiian Telcom Communications, Inc."
130596,1,1571,1571.0,Hawkeye Telephone Company
130597,0,26684,0.0,"Hayneville Holding Company, Inc."
130598,0,30212,21136.0,Heart of Iowa Communications Cooperative
130601,0,371,0.0,Helix Telephone Company
130602,0,19893,3187.0,Hemingford Cooperative Telephone Company
130603,0,3318,1667.0,Henderson Cooperative Telephone Company
130604,0,2895,63.0,"Henry County Communications, Inc."
130605,0,31424,851.0,Hershey Cooperative Telephone Company
130606,1,339235,47471.0,"Hiawatha Broadband Communications, Inc."
130607,1,18338,3942.0,"Hiawatha Communications, Inc."
130609,1,6545,6545.0,"Hickory Utility Services, Inc."
130610,0,1719,0.0,Highland Telephone Cooperative (VA)
130612,1,46396,24685.0,"Hill Country Telephone Cooperative, Inc."
130613,0,1917,638.0,"Hillsboro Telephone Company, Inc."
130614,0,41097,0.0,Hinton Holding Company
130616,0,7760,7760.0,"Home Enterprises, Inc."
130617,1,105215,80274.0,"Home Telephone Company, Inc. (SC)"
130619,0,80777,0.0,Horizon Telecom
130620,1,317806,213977.0,Bluewave Communications
130621,0,10161,4113.0,"Hospers Telephone Exchange, Inc."
130622,0,1399,57.0,Hot Springs Telephone Company
130623,1,242713,195049.0,"Hotwire Communications, Ltd."
130624,1,183962,5548.0,HTC Holding Co.
130626,0,1437,1437.0,Hubbard Cooperative Telephone Association
130630,1,10085,10062.0,Huxley Communications Cooperative
130631,1,3544,2993.0,IAMO Telephone Company
130634,0,24469,0.0,ICON Technologies Inc.
130641,1,7247,344.0,Independence Light and Power
130645,0,5088,0.0,Industry Telephone Company
130647,0,3052,0.0,"Info-Ed, Inc."
130648,1,18975,2569.0,InfoStructure Inc.
130651,0,9709,2398.0,Western Elite Incorporated Services
130655,1,91865,0.0,"Inter Mountain Cable, Inc."
130657,1,6316,3856.0,"InterBel Telephone Cooperative, Inc."
130662,0,38610,30435.0,"Interstate Telecommunications Cooperative, Inc."
130663,0,253383,0.0,"Inventive Wireless of Nebraska, LLC"
130667,0,22075,0.0,Ironton Telephone Company
130668,0,10372,0.0,"Irvine Community Television, Inc."
130673,0,51392,6355.0,James Valley Cooperative Telephone Company
130674,0,2201,113.0,"JED Enterprises, Inc."
130677,0,5273,5235.0,Jefferson Telephone Company
130678,0,3172,857.0,Johnson Telephone Company
130679,0,1096,337.0,"K & M Telephone Company, Inc."
130681,0,3785,3785.0,"Kalida Telephone Company, Inc."
130682,1,5951,5951.0,Kalona Cooperative Telephone Company
130683,0,8154,0.0,"KALTELCO, Inc."
130684,0,448622,10903.0,"KanOkla Telephone Association, Inc."
130685,0,105006,105006.0,"Kaplan Telephone Company, Inc."
130686,1,15308,8248.0,Kasson & Mantorville Telephone Company
130690,0,1095,4.0,"Keene Valley Video, Inc."
130691,1,1616,1616.0,"Kennebec Telephone Company, Inc."
130692,1,64551,11950.0,"Kentec Communications, Inc."
130693,0,3060,3060.0,Keystone Farmers Cooperative Telephone Company
130695,0,2214,0.0,Killduff Telephone Company
130696,1,7160,1015.0,"Kinex Networking Solutions, Inc."
130697,1,69950,14844.0,Kingdom Telephone Company
130699,0,186,0.0,Kinsman Mutual Telephone Co.
130705,0,16369,0.0,Kraus Electronics Systems Inc.
130707,0,29841,0.0,La Canada Wireless Association
130708,0,4597,1565.0,La Jicarita Rural Telephone Cooperative
130709,0,3083,1727.0,La Motte Telephone Company
130710,0,2095,240.0,"La Ward Telephone Exchange, Inc."
130711,0,1346,1084.0,"LaHarpe Telephone Company, Inc."
130712,0,7144,6337.0,Lake Livingston Telephone Company
130714,1,12317,6309.0,"Lakeland Communications, Inc."
130718,0,4447,101.0,"Larson Utilities, Inc."
130721,1,27133,21189.0,"Laurel Highland Total Communications, Inc."
130724,0,1269,0.0,Laurens Municipal Broadband Communications Utility
130725,1,7287,7287.0,"Lavaca Telephone Company, Inc."
130726,1,4346,1588.0,"LaValle Telephone Cooperative, Inc."
130728,0,18858,2036.0,"Leaco Rural Telephone Cooperative, Inc."
130732,1,3685,3685.0,Lehigh Valley Telephone Cooperative Association
130733,1,7718,7684.0,Lemonweir Valley Telephone Company
130734,0,18525,0.0,Lennon Telephone Company
130735,0,327,0.0,"Leonore Mutual Telephone Co., Inc."
130736,0,4888,0.0,Le-Ru Telephone Company
130742,1,112720,10235.0,"Ligonier Telephone Co., Inc."
130743,1,5271,2960.0,"Lincoln Communications, Inc."
130744,0,1507,57.0,Lincoln Telephone Company
130745,0,33964,26964.0,Lincolnville Telephone Company
130746,0,25203,734.0,"Lintel, Inc."
130747,0,4457,0.0,"Lipan Telephone Company, Inc."
130748,0,17897,717.0,Lismore Cooperative Telephone Company
130749,0,36974,0.0,"LiteWire Internet Services, Inc."
130754,1,20254,10665.0,"Logan Telephone Cooperative, Inc."
130756,0,700,0.0,Lone Rock Cooperative Telephone Company
130757,1,60580,24.0,Long Lines
130759,0,3962,3962.0,Lost Nation-Elwood Telephone Company
130762,0,16408,0.0,"LTC Holding Company, Inc."
130764,1,12351,0.0,Lycom Communications
130766,0,2156,1765.0,Lynnville Telephone Company
130767,0,4055,1517.0,Mabel Cooperative Telephone Company
130768,1,9555,5490.0,MADCO Holding Company
130769,0,27405,3309.0,"Schwartz Ventures, Inc."
130771,0,2972,2972.0,Madison Telephone Company
130772,0,2852,0.0,"Magazine Telephone Company, Inc."
130774,1,33313,23383.0,"Mahaska Communication Group, LLC"
130777,0,1651,1651.0,Manchester-Hartland Telephone Company
130778,1,12155,9867.0,Manti Telephone Company
130780,1,13684,11723.0,"Margaretville Telephone Company, Inc."
130781,1,99576,288.0,Mark Twain Rural Telephone Company
130782,1,18895,4971.0,Marne & Elk Horn Telephone Company
130783,1,16682,14842.0,"Marquette-Adams Telephone Cooperative, Inc."
130784,0,5971,152.0,"Martell Enterprises, Inc."
130785,0,18143,0.0,Martelle Cooperative Telephone Association
130786,1,55643,11140.0,Mashell Inc.
130787,0,2064,121.0,Massena Telephone Company
130788,0,170281,10802.0,"Massillon Cable TV, Inc."
130790,0,681,0.0,Master Mind Productions Inc.
130791,1,199065,25650.0,"Matanuska Telephone Association, Inc."
130794,0,27952,15706.0,MBO Corporation
130795,0,64482,1030.0,Alteva Inc.
130796,0,2441,2441.0,McClure Telephone Company
130797,0,5965,5965.0,"TrioTel Communications, Inc."
130798,0,9394,4467.0,McDonald County Telephone Company
130799,0,44234,35456.0,McDonough Telephone Cooperative Inc.
130802,0,938,538.0,"McNabb Communications, Inc."
130803,1,3502,3502.0,Mechanicsville Telephone Company
130804,1,7604431,0.0,Mediacom Communications Corp.
130805,1,7064,7064.0,Mediapolis Telephone Company
130808,0,39065,0.0,Merrill Information Systems
130810,0,3507,0.0,"Mescalero Apache Telecom, Inc."
130814,1,162724,3920.0,"MGW Communications, Inc."
130817,0,328199,0.0,"Micrologic, Inc."
130819,1,31576,21614.0,Mid Century Telephone Co-operative
130821,1,1335285,0.0,Midcontinent Communications
130825,1,13442,12053.0,"Mid-Plains Rural Telephone Cooperative, Inc."
130826,1,65596,13136.0,"Mid-Rivers Telephone Cooperative, Inc."
130827,0,3302,3302.0,"Midstate Communications, Inc. (ND)"
130828,1,13026,13026.0,"Midstate Communications, Inc. (SD)"
130829,0,10733,0.0,"Mid-States Services, LLC"
130831,0,14835,3551.0,Midvale Telephone Exchange
130833,0,192977,0.0,Midwest Mobile Radio
130834,0,522872,0.0,"Midwest Telecom of America, Inc."
130837,0,1924,1924.0,Miles Cooperative Telephone Assoc.
130838,1,87538,32758.0,"Miles Enterprises, Inc."
130839,0,3594,710.0,"Milford Communications, LLC"
130844,0,15802,0.0,Millry Corporation
130845,1,20532,6355.0,Minburn Telephone Company
130846,0,4561,0.0,"Minerva Valley Telephone Company, Inc."
130847,0,11574,9373.0,Minford Telephone Company
130849,0,2908,0.0,Modern Cooperative Telephone Company
130850,1,17167,17167.0,Molalla Communications Company
130851,0,4811,4811.0,"Mon-Cre Telephone Cooperative, Inc."
130852,0,3258,3258.0,Monitor Cooperative Telephone Company
130853,0,14082,3996.0,Monon Telephone Company Inc.
130854,0,6976,1844.0,Monroe Telephone Company
130856,1,6921,5323.0,MLGC
130860,1,7373,7373.0,The Moundridge Telephone Company
130861,0,5629,478.0,"Moundville Communications, Inc."
130862,0,26140,4192.0,Mount Horeb Telephone Company
130865,1,23902,23902.0,"Mountain Rural Telephone Cooperative Corporation, Inc."
130868,0,1401,0.0,Town of Mountain Village
130872,1,185229,23460.0,MTCO Corporation
130874,0,3200,934.0,"Mud Lake Telephone Cooperative Assn., Inc."
130875,0,7513,2855.0,Mulberry Cooperative Telephone Co. Inc.
130877,1,59780,33776.0,Mutual Telephone Company (IA)
130878,1,14528,2896.0,Mutual Telephone Company of Morning Sun
130880,0,11198,11110.0,"Myakka Technologies, Inc."
130882,1,17458,7858.0,"NATCO Communications, Inc."
130885,1,31070,25764.0,North Dakota Telephone Company
130886,0,442449,0.0,"N.E. Colorado Cellular, Inc."
130887,1,133738,1095.0,"Nedelco, Incorporated"
130889,1,12432,8713.0,Nelson Telephone Cooperative
130890,1,56661,17770.0,"Nemont Telephone Cooperative, Inc."
130901,0,2927,0.0,New Hope Telephone Cooperative (VA)
130902,1,17003,17003.0,"New Hope Telephone Cooperative, Inc. (AL)"
130903,1,65536,24643.0,"New Knoxville Telephone Company/GoldStar Communications, LLC"
130904,1,76777,8993.0,"New Lisbon Telephone Company, Inc."
130905,0,18944,167.0,"New Paris Telephone Company, Inc."
130906,0,93756,3988.0,"New Ulm Telecom, Inc."
130908,0,2059,875.0,"New Windsor Communications, Inc."
130914,0,12957,0.0,NexGenAccess Inc.
130919,0,47385,9283.0,Wittenberg Telephone Company
130920,1,59049,54546.0,"Nicholville Telephone Company, Inc."
130921,0,351746,5795.0,NITCO Holding Corporation
130925,1,28660,14880.0,Nortex Communications
130927,0,179816,0.0,North Carolina Wireless
130929,1,61405,55766.0,"North Central Telephone Cooperative, Inc."
130930,0,1725,4.0,North English Cooperative Telephone Company
130937,1,1588019,13005.0,"Northeast Communications of Wisconsin, Inc."
130938,1,21911,5594.0,Northeast Iowa Telephone Company
130939,1,5483,5483.0,"Northeast Louisiana Telephone Co., Inc."
130940,0,18858,12224.0,Northeast Missouri Rural Telephone Company
130941,0,17205,17205.0,Northeast Nebraska Telephone Company
130943,1,18921,715.0,Northern Telephone and Data Corp.
130944,0,77,0.0,Northern Telephone Company/Wilderness Valley Telephone Company
130945,0,3428,2426.0,"Northern Telephone Cooperative, Inc."
130949,1,321696,246408.0,North-State Telephone Co. (NC)
130950,1,8395,5388.0,Northwest Communications Cooperative
130953,0,30071,2275.0,Northwest Telephone Cooperative
130955,0,2889,0.0,"Nova Cablevision, Inc."
130956,0,4942,0.0,Dunnell Telephone Company
130962,0,2628,139.0,Nucla-Naturita Telephone Company
130963,0,1875,1875.0,Nunn Telephone Company
130964,0,2381,0.0,"Nushagak Electric & Telephone Cooperative, Inc."
130967,0,241562,0.0,OACYS Technology
130968,1,6397,0.0,Odessa Office Equipment
130969,1,3688,3688.0,Ogden Telephone Company
130973,0,8207,0.0,Oklahoma Western Telephone Company
130974,1,1970,1377.0,"Olin Telephone Company, Inc."
130976,0,11192,5800.0,Oneida County Rural Telephone
130977,0,1567,1107.0,"Oneida Telephone Exchange, Inc."
130979,0,488,488.0,Onslow Cooperative Telephone Association
130982,0,55810,9721.0,"Zayo Group, LLC"
130983,0,1491,1491.0,Oran Mutual Telephone Company
130986,1,193547,168456.0,"May, Bott et al."
130988,1,135027,101190.0,"Orlando Telephone Company, Inc."
130989,1,5419,148.0,Osage Municipal Utilities
130993,0,57503,0.0,Oxford Telephone and Telegraph
131003,0,567,196.0,Palmer Mutual Telephone Company
131005,1,71803,61107.0,"Palmetto Rural Telephone Cooperative, Inc."
131006,0,9035,9035.0,Palo Cooperative Telephone Association
131007,1,48191,13205.0,"Panhandle Telephone Cooperative, Inc."
131008,1,6932,6141.0,Panora Communications Cooperative
131009,0,29258,9911.0,Park Region Mutual Telephone Company
131010,1,8510,3415.0,Partner Communications Cooperative
131011,0,9575,170.0,"PATHWAYZ Communications, Inc."
131013,0,3523,0.0,Pattersonville Telephone Company (NY)
131014,1,90194,65456.0,Paul Bunyan Rural Telephone Cooperative
131016,0,3809836,0.0,"PCC Holdings, Inc."
131017,0,422388,3046.0,"PCI Systems, Inc."
131019,0,1675,0.0,Peace Valley Telephone Company
131021,0,4137,0.0,The Peetz Cooperative Telephone Company
131023,1,10700,10700.0,"Pembroke Telephone Company, Inc."
131024,0,5751,0.0,Pembroke Telephone Cooperative
131025,0,112330,8496.0,"Penasco Valley Telephone Cooperative, Inc."
131026,1,2028961,2021477.0,"Pencor Services, Inc."
131027,0,3393,0.0,Pennsylvania Telephone Company
131029,1,26455,26455.0,"Peoples Rural Telephone Cooperative Corporation, Inc."
131030,1,7125,7125.0,"Peoples Telecommunications, LLC"
131031,0,113823,11627.0,"Peoples Telephone Cooperative, Inc./Peoples FiberCom"
131032,1,56127,31239.0,"Perry-Spencer Rural Telephone Cooperative, Inc."
131034,1,7495,3249.0,Phillips County Telephone Co.
131035,0,895,0.0,"Pickwick Cablevision, Inc."
131036,0,25335,15702.0,"Piedmont Rural Telephone Cooperative, Inc."
131037,0,4555,299.0,"Pierce Telecommunications, Inc."
131038,0,12252,613.0,Pine Belt Communications Co. Inc.
131039,0,13635,4945.0,Pine Telephone Company
131041,1,43607,43607.0,"Pineland Telephone Cooperative, Inc."
131042,0,4306,3335.0,Town of Pineville
131043,1,98986,15073.0,"Pinpoint Holdings, Inc."
131044,0,33756,10854.0,"Pioneer Telephone Association, Inc."
131045,1,197422,19464.0,Pioneer Telephone Cooperative (OK)
131046,0,23886,2014.0,Pioneer Telephone Cooperative (OR)
131047,0,920,82.0,Pioneer Telephone Holding Company
131048,0,3327534,0.0,Pixius Communications LLC
131049,0,2552,2552.0,"Plains Cooperative Telephone Association, Inc."
131050,1,2307,2104.0,Plainview Telephone Co. Inc.
131051,1,48539,113.0,Plant Telephone Company
131052,1,50691,49221.0,"Planters Rural Telephone Cooperative, Inc."
131055,0,19890,12106.0,"Poka Lambro Telephone Cooperative, Inc."
131056,1,25669,17699.0,Polar Communication Mutual Aid Corporation
131057,1,28168,4346.0,"Ponderosa Communications, Inc."
131060,1,16828,15994.0,"Postco, Inc."
131066,0,2020,0.0,"Prairieburg Telephone Company, Inc."
131071,0,2867,2867.0,Preston Telephone Company
131072,1,9275,1155.0,Price County Telephone Company
131073,0,16055,8195.0,"Progressive Rural Telephone Co-Op., Inc."
131074,1,3246,3060.0,"Progressive Voice & Data, Inc."
131075,1,38304,1974.0,"Project Mutual Telephone Cooperative Association, Inc."
131076,0,69485,0.0,"Public Service Communications, Inc."
131078,1,11478,4008.0,"Pulaski White Rural Telephone Coop., Inc."
131081,1,1022334,723144.0,Metronet Holdings LLC
131085,1,1251,1251.0,Radcliffe Telephone Company
131086,0,3216,2150.0,"Ragland Telephone Company, Inc."
131087,0,43038,4153.0,"Rainbow Telecommunications Association, Inc."
131089,0,63337,59762.0,Randolph Telephone Membership Corporation
131090,1,57804,21159.0,"Range Telephone Cooperative, Inc."
131096,0,2535,2535.0,Readlyn Telephone Company
131097,1,26766,10236.0,Red River Rural Telephone Association
131100,1,16229,16229.0,Reedsburg Utility Commission
131102,1,16216,14461.0,Reservation Telephone Cooperative
131103,1,90080,0.0,"Reserve Holdings, Inc."
131104,0,4754,0.0,"Respond Communications, Inc."
131106,1,3319,1423.0,Reynolds Telephone Company
131108,1,89840,57220.0,"Smithville Holding Company, Inc."
131109,1,6384,3499.0,"Richland-Grant Telephone Cooperative, Inc."
131113,1,33111,24191.0,Ringgold Telephone Company
131114,0,2141,1074.0,Ringsted Telephone Company
131116,0,21015,0.0,River Valley Telephone Coop.
131117,0,8942,15.0,"Riviera Telephone Company, Inc."
131118,1,26378,13178.0,RJB Telecommunications Corp.
131122,1,50510,911.0,Roberts County Telephone Cooperative Association
131123,0,2810,208.0,Robinson Communications Corporation
131124,0,44781,16564.0,"Rochester Telephone Co., Inc."
131125,1,419944,161853.0,"Comporium, Inc."
131126,0,11935,164.0,Rock Port Telephone Company
131127,0,13796,13796.0,Rockwell Cooperative Telephone Association
131128,0,11461,0.0,Roggen Telephone Cooperative Company
131129,0,39366,0.0,"CommunityTel, Inc."
131130,0,1680,0.0,Roome Telecommunications Inc.
131131,1,23031,18118.0,"Roosevelt County Rural Telephone Cooperative, Inc."
131135,0,778,778.0,Royal Telephone Company
131139,1,10597,7539.0,Runestone Telephone Association
131141,1,179843,72976.0,"Rural Telephone Service Co., Inc."
131142,0,2731,0.0,"Rural Waves, LLC"
131145,1,19477,6927.0,S&T Telephone Cooperative Association
131146,0,1693,0.0,Sac County Mutual Telephone Company
131148,0,6286,3379.0,Saddleback Communications
131152,0,20814,7275.0,"Salina Spavinaw Telephone Co., Inc."
131157,0,3320,1370.0,Sand Creek Communications Company
131158,0,52502,2004.0,"Sandhill Telephone Cooperative, Inc."
131161,0,15024,8770.0,"Sandwich Isles Communications, Inc."
131162,1,42833,19809.0,"Santa Rosa Telephone Cooperative, Inc."
131163,1,47522,4954.0,Santel Communications Cooperative
131165,0,17208,1404.0,Scatter Creek Ltd.
131166,1,3120,40.0,Schaller Telephone Company
131167,1,201700,9183.0,"Schurz Communications, Inc."
131168,1,4098,4098.0,Scio Mutual Telephone Association
131169,0,800,0.0,"Scott County Telephone Company, LLC"
131170,0,31645,27281.0,Scott County Telephone Cooperative
131171,0,834,834.0,Scranton Telephone Company
131172,0,2019,1765.0,Searsboro Telephone Company
131173,0,41071,25746.0,Sebastian Enterprises
131175,1,39956,17859.0,Selectronics Corporation
131177,1,28794,1692.0,"Seneca Telephone Company, Inc."
131179,1,6487,1546.0,Sharon Telephone Company (IL & WI)
131180,0,54091,14128.0,Shawnee Telephone Company
131181,1,451449,31011.0,Shenandoah Telecommunications Company
131183,0,3139,3139.0,"Sherwood Mutual Telephone Association, Inc."
131186,0,35733,3859.0,Sierra Tel Communications Group
131190,1,43988,34499.0,Silver Star Telephone
131191,0,1010864,0.0,"Simply Bits, LLC"
131194,0,3188,2926.0,"Siren Telephone Company, Inc."
131195,0,7631,3360.0,Siskiyou Telephone Company
131197,0,24805,2266.0,Sjoberg's Inc.
131199,1,81629,67927.0,Skyline Telephone Membership Corporation
131204,1,16549,11922.0,"Smart City Finance, LLC"
131206,1,101738,92009.0,"Smartcom Telephone, LLC"
131207,0,111811,0.0,"SmarterBroadband, Inc."
131208,0,15150,0.0,"Smith Bagley, Inc."
131214,1,10835,3068.0,"TLB, Inc."
131216,1,90126,58097.0,South Central Rural Telephone Cooperative Corporation
131218,0,16293,8633.0,"South Central Telephone Association, Inc."
131219,1,79718,11559.0,"South Central Utah Telephone Association, Inc."
131221,1,13596,11168.0,"South Plains Telephone Cooperative, Inc."
131222,1,56968,46493.0,"South Slope Cooperative Telephone Company, Inc."
131223,0,6804,6804.0,"Southeast Nebraska Communications, Inc."
131225,1,19463,4103.0,Southeastern Indiana Rural Telephone Cooperative
131226,1,324152,64955.0,American Broadband Communications et al.
131230,1,18000,4205.0,Southern Kansas Telephone Company
131231,0,1555,1231.0,Southern Montana Telephone Company
131232,1,21451,15766.0,"Southwest Arkansas Telephone Cooperative, Inc."
131233,0,148963,0.0,Southwest Oklahoma Telephone Company
131234,0,7947,4880.0,"Southwest Texas Telcom, Inc."
131235,0,519,0.0,"Spectrotel, Inc."
131239,1,11959,11959.0,Spencer Municipal Communications Utility
131240,0,2599,2599.0,Spring Grove Communications
131241,0,3100,1016.0,"Spring Valley Telephone Company, Inc."
131242,0,6867,351.0,"Springcom, Inc."
131243,1,3158,1276.0,"Springville Cooperative Telephone Association, Inc."
131245,0,7186,7186.0,"Spruce Knob Seneca Rocks Telephone, Inc."
131246,1,68544,17864.0,"SRT Communications, Inc."
131247,1,4086,3765.0,St. John Telephone Company
131248,0,2100,780.0,St. Paul Cooperative Telephone
131249,0,18430,0.0,"Standard Tobacco Company, Inc."
131250,0,5741,2466.0,"Stanton Telecom, Inc."
131252,0,61532,32215.0,Star Telephone Membership Corporation
131255,0,24385,13473.0,"StarVision, Inc."
131257,0,20430,9629.0,"State Telephone Company, Inc."
131259,1,18975,14922.0,Stayton Cooperative Telephone Company
131260,0,9287,0.0,"Steelville Telephone Exchange, Inc."
131261,0,103,0.0,Stelle Telephone Company
131265,0,171,171.0,Stoneham Cooperative Telephone Corporation
131267,0,3879,1167.0,Stratford Mutual Telephone Company
131272,0,5945,0.0,"Sunflower Enterprises, Inc."
131276,0,2014,0.0,Superior Telephone Cooperative
131283,1,79069,54265.0,Surry Telephone Membership Corporation
131285,1,12297,3976.0,Swayzee Telephone Company
131286,1,7263,2224.0,"Sweetser Rural Telephone Company, Inc."
131290,0,5933,3911.0,Sycamore Telephone Company
131295,0,0,0.0,Taloga Cable
131296,1,24164,22838.0,"Taylor Telephone Cooperative, Inc."
131299,1,6176,1003.0,"Tech-Com, Inc."
131302,1,1118523,1093378.0,"Callis Communications, Inc."
131303,0,10068,3398.0,"TelAtlantic, Inc."
131310,1,4229929,478674.0,"Telephone and Data Systems, Inc."
131311,0,378593,8434.0,Telephone Electronics Corporation
131315,0,2051,353.0,Templeton Telephone Company
131320,0,2258,1556.0,Terral Telephone Company
131321,0,1462,1462.0,Terril Telephone Cooperative
131328,1,63436,23521.0,"Thacker-Grigsby Telephone Company, Inc."
131329,0,37878,5234.0,The Champaign Telephone Company
131330,1,38238,25906.0,The Champlain Telephone Company
131332,0,23323,8919.0,The Conneaut Telephone Company
131337,0,2489,47.0,The Hancock Telephone Company
131339,1,21390,2358.0,The Middleburgh Telephone Company
131340,0,17776,2090.0,The Nebraska Central Telephone Co.
131341,1,22692,18635.0,The North-Eastern Pennsylvania Telephone Company
131342,0,3706,3706.0,The Ottoville Mutual Telephone Company
131344,0,6633,3003.0,The Ridgeville Telephone Company
131347,1,4380,4380.0,The Toledo Telephone Company
131349,0,11137,3686.0,Three River Telco
131354,0,1531,961.0,Titonka Telephone Company
131357,0,5528,3848.0,Tohono O'Odham Utility Authority
131358,0,1284,261.0,"Tonica Technologies, Inc."
131359,0,26588,0.0,"Totah Communications, Inc."
131361,0,35608,0.0,Town of Shrewsbury
131362,0,65682,1590.0,"Townes Telecommunications, Inc."
131363,0,3013,2071.0,"Traceroad, Inc."
131365,1,13794,9263.0,Trenton Telephone Co.
131366,1,72726,29769.0,"Tri County Telephone Association, Inc."
131367,1,46753,23251.0,"Triangle Telephone Cooperative Assn., Inc."
131368,0,31223,10833.0,"Tri-County Communications Cooperative, Inc."
131370,0,12834,11450.0,Tri-County Telephone Membership Corporation
131378,0,21003,924.0,"Trumansburg Telephone Co., Inc./Ontario Telephone Co., Inc."
131379,1,30269,8593.0,"Trustees of the City of Muscatine, Iowa"
131383,0,35574,35574.0,"Tularosa Basin Telephone Company, Inc."
131384,1,81617,63921.0,Twin Lakes Telephone Cooperative Corporation
131387,1,60744,26740.0,UBTA-UBET Communications
131388,0,2116,2116.0,Union River Telephone Company
131389,0,9083,1960.0,Union Telephone Company
131394,0,37347,1091.0,Evertek Enterprises
131395,1,144373,4512.0,"United Telephone Association, Inc."
131396,1,298772,23936.0,United Communication Holding LLC
131397,1,18996,7447.0,"UniTek, Inc."
131400,1,57703,0.0,Unwired Ltd.
131401,0,3483,3168.0,Upsala Cooperative Telephone Association
131404,1,79943,7522.0,"USA Companies, L.P."
131407,1,23390,21684.0,UTMA
131408,1,97739,11618.0,VAL-ED Joint Venture L.L.P.
131409,1,4802,4802.0,"Valley Telecommunications Cooperative Association, Inc."
131411,1,38396,17598.0,"Valley Telephone Cooperative, Inc."
131412,0,5009,0.0,"Valliant Telephone Company, Inc."
131413,1,8542148,503187.0,Windstream Corporation
131414,0,3841,2057.0,"Van Buren Telephone Co., Inc."
131415,0,5535,5535.0,Van Horne Cooperative Telephone Company
131416,0,2967,0.0,"VARCOMM, Inc."
131418,0,1071,0.0,Vaughnsville Telephone Company
131421,1,35209,0.0,"Velociter Wireless, Inc."
131422,1,26153,26153.0,"Venture Communications Cooperative, Inc./Western Telephone Company"
131423,0,3542,3542.0,Venus Telephone Corporation
131425,1,55855605,34765005.0,Verizon Communications Inc.
131426,1,29635,29635.0,"Vermont National Telephone Company, Inc."
131427,1,22715,22111.0,"Vernon Telephone Cooperative, Inc."
131431,0,4773,1281.0,Viola Home Telephone Company
131441,0,42138,2296.0,Volcano Communications Company
131444,1,81424,23277.0,Wabash Mutual Telephone Company
131445,1,34619,31162.0,"Wabash Telephone Cooperative, Inc."
131448,1,20220,20161.0,"Wamego Telephone Company, Inc."
131451,1,11060,876.0,Washington County Rural Telephone Cooperative
131453,1,27970,1120.0,Wave Wireless LLC
131454,1,1991757,17.0,"WaveDivision Holdings, LLC"
131457,0,9689,9689.0,Webster-Calhoun Cooperative Telephone Association
131458,0,7470,7470.0,Wellman Cooperative Telephone Association
131459,1,35758,28116.0,"West Carolina Rural Telephone Cooperative, Inc."
131460,1,10639,10639.0,West Central Telephone Assn.
131461,1,12360,9431.0,West Iowa Telephone Company
131463,1,41536,7895.0,West Liberty Telephone Company
131465,1,33769,30498.0,West River Telecommunications Cooperative
131466,0,28602,19546.0,"West Texas Rural Telephone Coop., Inc."
131467,1,31531,17472.0,"West Wisconsin Telcom Cooperative, Inc."
131469,0,41029,0.0,"Westelcom Network, Inc."
131472,1,9291,5240.0,Western Iowa Telephone Association
131473,0,3532,0.0,Western Sonoma County Internet Cooperative Corporation
131475,0,2193,2193.0,Western Wahkiakum County Telephone Company
131476,1,38281,8983.0,"Wes-Tex Telephone Cooperative, Inc."
131478,1,18792,9835.0,Whidbey Telephone Company
131480,1,7180689,2116873.0,WideOpenWest
131481,0,10230,10230.0,Wiggins Telephone Association
131482,1,40297,5747.0,"Wikstrom Telephone Company, Inc."
131485,1,20311,20311.0,"Dycom Holding, Inc."
131486,1,75133,65437.0,Wilkes Telecommunications
131487,0,189,189.0,Willard Telephone Company
131492,0,2065,0.0,WinDBreak Cable
131493,1,44864,42680.0,Winn Telephone Company
131494,0,28218,27349.0,Winnebago Cooperative Telephone Association
131497,0,723085,0.0,"Wired or Wireless, Inc."
131505,0,2549,2503.0,"Woodhull Communications, Inc."
131506,0,5654,3428.0,Woodstock Telephone Company
131507,0,46836,0.0,Woolstock Mutual Telephone Assoc.
131510,1,1170,1170.0,Wyoming Mutual Telephone Company
131512,0,14622,4911.0,"XIT Rural Telephone Cooperative, Inc."
131516,1,85641,68831.0,Yadkin Valley Telephone Membership Corporation
131517,0,25916,19039.0,"Yankee Telecom, Inc."
131518,1,44596,23897.0,"Yelcot Holding Group, Inc."
131520,0,2232,0.0,Yeoman Telephone Company
131611,1,63022,63022.0,"Highland Telephone Cooperative, Inc. (KY & TN)"
131612,0,11532,11532.0,Sharon Telephone Company (IA)
131613,0,10928,1765.0,Sully Telephone Association
131900,0,16846,2461.0,"Cunningham Management, Inc."
140001,0,40434,0.0,"Access Cable Television, Inc."
140012,0,22430,907.0,Axiom Technologies
140016,0,14019,229.0,"Border to Border Communications, Inc."
140018,1,144579,0.0,CableAmerica
140020,1,62845,62845.0,Chelan County PUD
140030,1,50570,18818.0,Fail Telecommunication Corporation
140032,0,748,748.0,Farber Telephone Company
140033,1,34709,4610.0,Filer Mutual Telephone Company
140036,0,7620,4686.0,Ft. Jennings Telephone Company
140043,0,9596,0.0,"Hopi Telecommunications, Inc."
140048,1,17599749,0.0,"JAB Wireless, Inc."
140050,0,13033,0.0,JC Mickelson Inc.
140055,0,15431,0.0,LAT Inc.
140059,0,9045,9045.0,Lonsdale Telephone Company
140063,0,123714,0.0,Mercury Network Corporation
140064,0,535934,8352.0,"Defiance Holdings, LLC"
140076,0,2214,0.0,Reasnor Telephone Company
140078,1,45263,0.0,"Royell Communications, Inc."
140080,1,969100,0.0,Service Electric Cable TV Inc.
140084,0,27048,0.0,SPITwSPOTS Inc.
140092,1,23297,17884.0,"Twin Valley Management, Inc."
140097,0,7943,6222.0,"Velocity Telephone, Inc."
140101,0,6776,6776.0,West River Cooperative Telephone Company
140105,0,2395988,0.0,Wisper ISP Inc.
140106,0,4571,0.0,"WTC Communications, Inc."
150119,0,11242,0.0,Pattersonville Telephone Company (OH)
150120,1,18395,2571.0,Mutual Telephone Company (KS)
150206,1,597656,0.0,Vyve Broadband
150221,1,88916,28167.0,"Benchmark Communications, LLC"
150225,1,3021,3021.0,Buckland Telephone Co.
150229,0,1539,0.0,"Bush-Tell, Inc."
150235,0,11194,0.0,City of Camilla
150236,0,19603,0.0,City of Moultrie
150237,1,4208,4208.0,City of North Kansas
150244,0,354,0.0,Copper Mountain Consolidated Metro District
150245,0,749,0.0,"CresComm WiFi, LLC"
150249,0,42418,0.0,"DC Access, LLC"
150250,0,81716,1458.0,Diller Telephone Company
150258,1,74355,1752.0,Ellijay Telephone Company
150262,1,15549,7409.0,"Gamewood, Inc."
150266,1,105538,41862.0,"Hanson Communications, Inc."
150270,1,67486,4105.0,"Intelliwave, LLC"
150272,0,18,0.0,Iowa Connect Inc.
150281,0,8209,2661.0,Mayfield Electric & Water Systems
150287,1,8253,3091.0,"Moapa Valley Telecommunications, Inc."
150292,0,551531,0.0,Northland Communications Corp.
150296,1,193374,18692.0,Otelco Inc.
150312,1,14754,9943.0,Russellville Electric Plant Board
150313,0,42398,0.0,"Sacred Wind Communications, Inc."
150316,1,167551,27438.0,Socket Telecom LLC
150317,1,51362,33952.0,Wood County Telephone Company
150323,0,2216,0.0,TecInfo
150325,0,93780,0.0,"Tivcorp, Inc."
150327,1,29656,27324.0,"United Electric Cooperative, Inc."
150330,0,12220,0.0,"Upward Access, LLC"
150334,0,365917,0.0,"WEHCO Video, Inc."
150335,0,23927,0.0,"Wharton County Electric Cooperative, Inc."
150336,0,156898,0.0,"Whiz to Coho, Inc."
150340,1,141421,76942.0,"NTS, Inc."
150341,0,1282,0.0,Yellowstone Media Design
150344,0,15183,15183.0,"M.C. Dean, Inc."
160101,0,11916,0.0,"2Geton Net, Inc."
160103,0,3222,3193.0,Allband Communications Cooperative
160108,1,156823,156823.0,Bristol Tennessee Essential Services
160110,0,41098,0.0,"Cablevision of Marion County, LLC"
160113,0,26794,0.0,"Data Truck, LLC"
160115,0,1033737,0.0,"E-Vergent.com, LLC"
160116,0,979972,0.0,"ECSIS.NET, LLC"
160118,0,5395,664.0,Eastern Cable Corporation
160127,1,322104,13895.0,LICT Corporation
160129,0,1529,0.0,Manning Municipal Communications and Television Systems Utility
160135,0,2268,1793.0,"Ogden Communications, Inc."
160141,1,17013,8998.0,Plumas-Sierra Rural Electric Cooperative
160146,0,10518,10518.0,"Ralls Technologies, LLC"
160151,0,5712,613.0,"Southeastern Services, Inc."
160157,1,287140,0.0,"Zito Media, LP"
160160,1,98601,32282.0,"ImOn Communications, LLC"
160162,0,1587,0.0,"TerraNovaNet, Inc."
170014,0,2608,2608.0,Atkins Telephone Company
170025,1,232183,866.0,CMS Internet LLC
170040,0,7647,0.0,"Dixie-Net, Inc."
170044,0,236,0.0,Fishers Island Telephone Company
170047,0,20547,0.0,"GMN Tri-County CAC, Inc."
170050,0,5124,2317.0,Harlan Municipal Utilities
170054,0,192250,0.0,"InfoWest, Inc."
170058,1,76235,76235.0,Jackson Energy Authority
170062,0,4375,4375.0,La Porte City Telephone Company
170064,1,20396,0.0,"Litestream Holdings, LLC"
170066,1,18637,18637.0,Monmouth Independence Network
170071,0,43912,10.0,"Newmax, LLC"
170102,0,0,0.0,"KC Online, Inc."
180006,0,5288,0.0,Blue Mountain TV Cable Company
180009,0,2232,2232.0,Choicetel LLC
180010,1,14840,14840.0,City of Auburn
180012,1,13752,0.0,"City of Elberton, Georgia"
180026,1,1938,130.0,"Front Range Internet, Inc."
180039,0,16621,8128.0,"OneTone Telecom, Inc."
180048,0,68442,0.0,"Rapid Systems, Inc."
180057,0,5830,5830.0,The T1 Company LLC
180061,0,1087,749.0,Velocity Online
180064,0,16373,0.0,"Web Fire Communications, Inc."
190002,0,181178,0.0,101Netlink
190008,1,53239,173.0,AM3 Holding Corp.
190013,1,1867,0.0,Adams CATV Inc.
190015,1,38391,25902.0,"Aeneas Communications, LLC"
190025,0,10272,0.0,America Internet & Communications
190036,0,9906,0.0,"Aurora Communications, Inc."
190045,0,2126,0.0,BeaDun Communications
190046,0,3839,0.0,Beaver Valley Cable Company
190047,0,31148,0.0,"Bee Line, Inc."
190053,0,13505,0.0,"Bluebird Wireless Broadband Services, LLC"
190056,0,22910,0.0,"Blueriver Communications, Inc."
190058,1,102599,102599.0,"Board of Water, Light & Sinking Fund Commissioners"
190059,0,16663,592.0,"Boycom Cablevision, Inc./Partel Broadband Telecommunications, Inc."
190066,1,51913,51913.0,Burlington Telecom
190069,0,1999,177.0,"Cable Communications of Willsboro, Inc."
190070,1,32001,0.0,"CCI Systems, Inc."
190071,0,6642,0.0,Cable Co-Op
190075,0,3714,0.0,Catalina Broadband Solutions LLC
190080,0,3525,3067.0,City of Bellevue
190081,1,189200,189200.0,City of Bristol
190083,0,2436,0.0,City of Coffeyville
190084,1,264,264.0,City of Glenwood Springs
190085,0,2553,0.0,City of Hawarden
190089,0,13999,0.0,City of Williamstown
190093,0,39836,0.0,Cloud Alliance LLC
190096,0,15751,0.0,Coldwater Board of Public Utilities
190101,1,16894,5184.0,Community Cable Television Agency of O'Brien County
190102,0,8232,0.0,Community Telecom Services
190103,0,29227,0.0,"Computer Dynamics of NW Illinois, LLC"
190104,1,13846,11571.0,Comspan Communications
190107,0,211725,0.0,Connectto Communications Inc.
190108,1,1392,0.0,Coon Rapids Municipal Utilities
190118,0,7076,0.0,"Delta Telecom, Inc."
190123,0,282851,0.0,"DigitalPath, Inc."
190126,1,128225,113544.0,Douglas Electric Cooperative Inc.
190130,1,29016,793.0,"Eastern Oregon Net, Inc."
190131,1,19628,750.0,Easton Utilities Commission
190134,1,359879,359879.0,Electric Power Board
190142,0,16436,0.0,e-Tel
190150,1,116542,7987.0,FiberComm L.C.
190155,0,1760,0.0,"Fisher Wireless Services, Inc."
190163,0,1349,0.0,"Fulair, LLC"
190166,1,20711,277.0,Futurum Communications Corp.
190169,0,100627,0.0,"Geneva On-Line, Inc."
190172,0,13916,0.0,Golden Rain Foundation
190180,0,2502,0.0,Grundy Center Municipal Light & Power
190181,1,28103,9269.0,Haefele TV Inc.
190182,0,16093,0.0,Harlan Community Television Inc.
190184,0,35308,0.0,Henderson Municipal Power & Light
190185,0,2600,0.0,"Hidden Lake Wireless, Inc."
190187,1,34145,6243.0,Hopkinsville Electric System
190188,0,815238,0.0,Hudson Valley Wireless
190189,0,800647,0.0,"Huntleigh Telecommunications Group, Inc."
190192,0,76358,0.0,iLOKA Inc.
190193,0,4224,0.0,"Indian Creek Internet Services, Inc."
190204,0,1584,0.0,"IPacket Networks, LLC"
190207,0,89419,69333.0,Jaguar Communications
190208,0,31829,0.0,JB-Nets
190211,1,31003,8849.0,"Joink, LLC"
190215,0,32113,0.0,"Kings Bay Communications, Inc."
190218,0,131,0.0,"Kuhn Communications, Inc."
190219,1,117911,117911.0,Lafayette City Parish Consolidated Government
190220,0,4642,0.0,Landmark Wireless LLC
190223,0,2871,2871.0,Lenox Municipal Utilities
190227,0,10780,140.0,"Lightspeed Networks, Inc"
190232,0,47872,0.0,"Martineer Wireless, Inc."
190233,1,10039,4734.0,Hilliary Communications
190236,0,1727018,0.0,"Mercury Wireless, Inc."
190239,1,108004,6919.0,MI Connection Communications System
190244,0,311372,0.0,Minnesota Valley Television Improvement Corporation
190265,1,48434,48257.0,Nittany Media Inc.
190281,0,3635,0.0,"OTZ Telephone Cooperative, Inc."
190282,1,11867,11867.0,Owensboro Municipal Utilities
190285,0,11845,0.0,Parish Communications
190303,1,32299,0.0,Public Utility District No. 1 of Douglas County
190304,1,197,197.0,Pulaski Electric System
190305,1,231642,3049.0,"Quantum Telecommunications, Inc."
190307,1,13385,0.0,"QX Networking and Design, Inc."
190308,1,83932,0.0,"R. M. Greene, Inc."
190311,0,1316602,0.0,"Razzo Link, Inc."
190312,0,22989,0.0,Reach Broadband
190313,0,34308,1198.0,Rebeltec Communications LLC
190320,0,47096,0.0,"SAA bright.net, Inc."
190323,0,20005,0.0,Savage Communications Inc.
190335,0,1564,0.0,Southern Ohio Communication Services Inc.
190336,0,7757,0.0,Southern Tier Wireless
190337,0,4730,0.0,Southern Vermont Cable Company
190341,0,1542,0.0,Starlite Consulting Inc.
190342,0,425363,0.0,StarTouch Broadband
190365,0,10910,0.0,"Tel-Star Cablevision, Inc."
190367,0,38382,2153.0,The Utilities Board of the City of Sylacauga
190370,0,735,735.0,"Tim Ron Enterprises, LLC"
190380,1,142471,137325.0,"Troy Cablevision, Inc."
190405,1,23057,23057.0,Westfield Gas and Electric
190406,0,72,0.0,Westgate Communications LLC
190407,0,57584,0.0,"Wheatland Electric Cooperative, Inc."
190410,1,9872,9872.0,"IdeaTek Systems, Inc."
190416,0,20747,0.0,"YHTI, Inc."
190419,0,106315,0.0,Benton Rural Electric Association
190425,1,2855212,441617.0,"Sonic Telecom, LLC"
190428,0,9983,5097.0,"San Carlos Apache Telecommunications Utility, Inc."
190429,0,9407,0.0,Barbourville Utility Commission
190435,1,23228,10409.0,"Citynet, LLC"
190438,0,63277,1890.0,"Eaglenet, Inc."
190443,1,16587,0.0,"Inside Connect Cable, LLC"
190448,0,234778,0.0,"Sumner Cable TV, Inc."
190501,0,25445,660.0,4 SIWI LLC
190503,0,16835,0.0,"Ken-Tenn Wireless, L.L.C."
190504,1,143451,122012.0,Allo Communications LLC
190506,0,55803,327.0,Cyber Mesa
190508,0,30207,15057.0,"Atlantech Online, Inc."
200006,0,47681,0.0,"Blip Networks, LLC"
200010,0,7178,7178.0,"Bulldog Cable Georgia, LLC"
200020,0,1088462,0.0,Fire2Wire
200022,1,27456,27456.0,Gainesville Regional Utilities
200025,0,264,0.0,"LTO Communications, LLC"
200026,0,5142,0.0,"Lazernet, Inc."
200027,1,501363,11458.0,McMinnville Access Company
200029,1,137207,127966.0,Morris Broadband LLC
200032,0,2590584,2081.0,"Nextera Holdings, LLC"
200039,1,522,522.0,QualityLife Intergovernmental Agency
200041,0,820487,0.0,"Raw Bandwidth Telecom, Inc."
200046,0,97821,0.0,The Home Town Network Inc.
200048,0,7369,0.0,Wire Tele View Corp.
200057,0,6199,0.0,"Orcas Online, Inc."
200065,0,48881,0.0,"DLS Computer Services, Inc."
210001,0,1177,0.0,3 Rooms Communications LLC
210006,0,74302,0.0,AllureTech/Coffeynet
210017,0,283,0.0,"MVWiFi, LLC"
210018,1,258903,0.0,"Cherry Capital Connection, LLC"
210019,1,53630,53630.0,City of Wilson
210020,0,14256,14256.0,Communications Access Cooperative Holding Enterprise
210040,0,20041,0.0,Hallettsville Communications
210042,0,47960,0.0,Imagine Networks
210046,0,7555,0.0,"JCMM Ventures, LLC"
210061,1,834,834.0,"Pavlov Media, Inc."
210063,1,13738,0.0,"Precision Data Solutions, LLC"
210075,0,621,0.0,"Telephone Associates, Inc."
210080,0,495,0.0,Traer Municipal Utilities
210087,1,29136,29136.0,Wintek Corporation
210090,0,1260,0.0,Magna5 Holdings LLC
210092,0,94945,0.0,"C&W Enterprises, Inc."
210095,0,42715,0.0,Edgar Rental Corporation
210101,1,2728024,8209.0,Xchange Telecom Corp.
210103,0,21273,0.0,Aloha Broadband
210105,0,2662,0.0,LVWifi.com
220002,1,3157,1007.0,"A+ Wireless, Inc."
220007,1,18025,0.0,BreezeAir Networks LLC
220008,0,5979,0.0,Bayou Cable Inc.
220012,0,2219,0.0,BySky Inc.
220013,0,17283,0.0,CIS LLC
220016,1,20791,61.0,City of Morganton
220017,1,2406,2199.0,Conexiz Corporation
220027,0,189301,0.0,"Fourway Computer Products, Inc."
220028,0,4271,0.0,Full Service Network LP
220031,1,6527,6527.0,"IsoFusion, Inc."
220036,0,5047,0.0,LeapStream
220046,0,21418,123.0,NTInet Inc.
220048,0,249468,81.0,Netwurx
220052,1,10405,10405.0,"QCOL, Inc."
220056,0,41149,0.0,RadioWire.net
220058,0,9307,0.0,Rocky Ridge Wireless
220061,0,274442,0.0,Speed of Light Broadband
220064,0,12860,0.0,TexasData
220066,0,30762,0.0,Seimitsu Corporation
220071,0,2770,975.0,Vogtmann Engineering Inc.
220073,0,43292,0.0,WERCS Communications Inc.
220075,0,11100,0.0,"Wilson Creek Communications, LLC"
220076,0,2232,0.0,"laser image, Inc."
220078,0,3249,0.0,Crystal Broadband Networks
220079,1,62023,13996.0,"Eastern Oregon Telecom, LLC"
230006,1,9479,9479.0,City of Chanute Kansas
230010,1,513640,80605.0,"Crystal Automation Systems, Inc."
230017,0,275015,0.0,"Great Basin Internet Services, Inc."
230018,0,12803,0.0,HCI Telcom Inc.
230021,0,69687,0.0,"Indco Cable TV, Inc."
230025,0,12422,0.0,"Konceptio Data Services, LLC"
230026,0,1020,0.0,Master Vision Cable
230028,0,44946,0.0,Miles Wireless
230036,0,7412,0.0,"Rebus Communications, LLC"
230043,1,69457,9732.0,Southeast Colorado Power Association
230044,0,101490,14897.0,Stewart Computer Services
230050,0,263,0.0,"USFon, Inc."
230051,1,250374,250374.0,Utah Telecommunication Open Infrastructure Agency
230052,1,580431,436260.0,Veracity Networks
230062,0,243096,0.0,"HillBilly Wireless Internet, Inc."
230064,0,55767,0.0,"Nebraska Technology & Telecommunications, Inc."
230074,1,7212,318.0,"Vantage Telecom, LLC"
240003,0,250353,0.0,AirLink Internet Services
240004,0,176365,0.0,"American Wireless, Inc."
240008,1,25253,0.0,Big Sandy Broadband Inc.
240009,0,175072,0.0,Bolt Internet
240010,0,5008202,0.0,"Brevard Wireless, Inc."
240011,0,793,0.0,Bridger Cable TV
240012,0,8947,8947.0,Bryan Municipal Light & Water Utilities
240014,0,19141,0.0,"CalNeva Broadband, LLC"
240016,0,7713,0.0,"Centre TV, Inc."
240017,0,3466,0.0,Chaparral Holding Co. Inc.
240021,0,2349,1546.0,Clearcom Inc.
240022,0,16125,0.0,CND Acquisition Corp.
240025,0,2220,0.0,"Community Antenna System, Inc."
240031,0,18702,0.0,Davis Communications Inc.
240032,1,31768,31768.0,DayStarr LLC
240035,0,7089,0.0,"Fast-Air Internet, Inc."
240036,0,64682,0.0,"FireServe, LLC"
240041,1,2471637,2254884.0,Google Fiber Inc.
240044,1,9978,9978.0,Highland Communication Services
240046,0,4021,0.0,"Hughes Computer Services, Inc."
240051,0,3978,0.0,"Karban TV Systems, Inc."
240055,1,1844,0.0,"Lone Pine Television, Inc."
240056,1,78445,0.0,LTD Broadband LLC
240058,1,182392,2084.0,Mid-Hudson Cablevision
240060,0,5254,11.0,"Missouri Telecom, Inc."
240061,1,40558,40558.0,Montana Opticom LLC
240062,0,112,112.0,"Mountain Communications, LLC"
240063,0,198,0.0,Murray Electric System
240064,1,1346,1346.0,Nelson County Cablevision Corp.
240065,0,23334,809.0,Nelsonville TV Cable
240066,1,546106,2348.0,netBlazr Inc.
240068,0,16914,0.0,"Neu Ventures, Inc."
240074,0,842172,0.0,"Nysys Wireless, LLC"
240077,0,3511,0.0,"Powhatan Point Cable Co., Inc."
240080,0,2841,0.0,"Red River Cable TV, Inc."
240081,0,3132,0.0,Reinbeck Municipal Telecommunications Utility
240085,0,14570,14570.0,Scottsboro Electric Power Board
240086,0,4,0.0,"Signal, Inc."
240088,0,17421,0.0,"Southern Coastal Cable, LLC"
240089,1,69659,24988.0,Spiral Communications
240090,0,6186,0.0,"Stowe Cablevision, Inc."
240094,0,38,0.0,Trenton TV Cable Company
240099,0,154291,0.0,"Valnet Holdings, LLC"
240101,0,3300,0.0,Village of Woodsfield
240102,0,28070,0.0,VoiceLite
240103,0,686,0.0,VS Enterprises
240105,0,11809,0.0,"WIFI Midwest, Inc."
240106,1,1123,3.0,Wireless Investments LLC
240109,1,311650,5011.0,Montana Internet
240110,1,78030,73622.0,"Public Utility District #2 of Grant County, WA"
240300,0,11723,2048.0,"Consolidated Companies, Inc."
250004,0,7299,0.0,Ultimate Broadband
250007,0,67491,0.0,"Ag Prospects, LLC"
250009,0,297047,0.0,AireBeam
250014,0,150057,0.0,"Arbuckle Communications, Inc."
250020,0,13873,0.0,B3
250025,0,5683,0.0,Capshaw Enterprises
250027,0,34962,0.0,City of Lebanon Utilities
250028,0,23215,0.0,"Collins Communications, Inc."
250035,1,1956,0.0,Cyber Broadband Inc.
250045,0,16,0.0,Gunby Communications Inc.
250052,0,689,0.0,Lindalink LLC
250053,0,24918,0.0,"Lobo Internet Services, Ltd."
250057,0,5181,0.0,"Native American Telecom, LLC"
250066,0,3543,0.0,"Ridgetop Networks, LLC"
250069,0,2941,0.0,Satellite Operations Inc.
250078,0,7521,0.0,Trinity Cable LLC
250081,0,10630,291.0,"Urban Communications, Inc."
250085,0,32409,0.0,"Wireless Data Net, LLC"
250090,1,252753,485.0,Wyoming.Com
250092,0,1902,0.0,"Zero Error Networks, LLC"
250099,0,4129,0.0,Resonance Broadband
250100,0,18208,0.0,Arizona Nevada Tower Corporation
250102,0,1210,0.0,Rural Farm Networks LLC
260000,1,94371,80792.0,"Farmers Telecommunications Cooperative, Inc. (AL)"
260004,0,47778,0.0,Blu Sky Wireless
260007,1,1503,1503.0,City of Burbank/Burbank Water and Power
260008,0,10845,464.0,Cloverland Electric Cooperative
260009,0,32002,0.0,Columbia Power and Water Systems
260010,1,6031,339.0,Concept Communication Corp.
260016,0,198330,0.0,DCTexas Internet
260019,0,8316,0.0,"G5 Internet, LLC"
260021,0,336,336.0,Harris Broadband LP
260025,0,61934,0.0,Kentucky Wimax
260026,0,16660,0.0,"Lakeway Publishers, Inc."
260027,0,396,0.0,"Lexsar Solutions, Inc."
260038,1,196411,196411.0,Radio Link Internet
260049,0,74,0.0,SMR Communications
260050,0,453920,0.0,SpeedConnect LLC
260051,0,6042,0.0,Spry Wireless Communications Inc.
260052,1,23490,0.0,Succeed.Net
260056,1,754194,883.0,Total Highspeed LLC
260059,1,21217,5075.0,Vergennes Broadband LLC
260062,0,153365,0.0,WVVA.net Inc.
260068,0,192,0.0,"Southeast Communications Services, LLC"
260069,1,43511,0.0,Spanish Fork City
260070,0,4282,0.0,Warm Springs Telecommunications Company
270001,1,19443,105.0,"Anne Arundel Broadband, LLC"
270002,0,1122,344.0,1 Point Communications
270006,0,80986,0.0,AFES Network Services LLC
270009,0,114611,0.0,AirRunner Networks LLC
270011,1,634002,533.0,Alyrica
270012,0,212891,0.0,Aristotle
270016,0,2969,0.0,Bethesda Wireless
270018,0,5623,0.0,"CCS Wireless, Inc."
270020,0,538165,0.0,"Cal.net, Inc."
270023,0,32464,5.0,"City of Richmond, Indiana"
270025,0,9898,0.0,Clearsky Systems Inc.
270027,0,221065,211731.0,Columbia Energy LLC
270028,0,42079,0.0,Cooperative Light & Power
270032,1,364801,39.0,Desert Winds Wireless LLC
270033,1,1453225,0.0,Directlink LLC
270038,0,159926,0.0,"Excel.Net, Inc."
270044,0,6593,0.0,"FreedomNet Solutions, LLC"
270045,0,237307,0.0,Getwireless.net
270051,0,19273,0.0,"Impulse Internet Services, LLC"
270052,0,56446,0.0,"Info Link Wireless, Inc."
270061,0,141,0.0,Maxwire Inc.
270062,0,3604,73.0,"Medicine Wheel Website Design, Inc."
270063,0,99894,9683.0,MontanaSky West LLC
270064,1,33033,0.0,"NGL Connection, LLC"
270065,0,239596,0.0,Noize Communications LLC
270068,0,462,0.0,Orchard Wireless
270073,0,37222,0.0,Sky Valley Network LLC
270074,0,16582,1056.0,"Skywave Wireless, Inc."
270077,0,35956,0.0,SonicNet Inc.
270078,0,76531,0.0,"Southwestern Wireless, Inc."
270083,1,4852,0.0,"Symplified Technologies, LLC"
270084,0,5307,0.0,TC LLC
270085,0,186784,0.0,"TGM Pinnacle Network Solutions, LLC"
270090,1,58957,3689.0,The Computer Works
270096,0,1345,0.0,"Velocity Broadband Internet, Inc."
270099,0,113147,0.0,"Western Communications, Inc."
270101,0,54955,0.0,"WireFree Communications, Inc."
270115,0,4056,0.0,Webhiway Communications LLC
280001,1,1633422,0.0,Acquistions Cogecco Cable Holdings II Inc.
280004,0,1279,0.0,"Air Link Rural Broadband, LLC"
280005,0,16531,0.0,"Alliance Connect, LLC"
280007,0,5095,0.0,ALSAT Wireless
280009,0,28959,0.0,Banc Central Financial Services Corp.
280010,0,7797,7797.0,Borough of Kutztown
280011,0,21544,0.0,BrazosWiFi
280014,1,84282,84282.0,City of Longmont
280015,0,385303,0.0,City of Tacoma
280017,1,67188,67188.0,"Co-Mo Electric Cooperative, Inc."
280018,0,764,0.0,Digital Example LLC
280020,1,27803,1383.0,"Eastern Shore Communications, LLC"
280024,0,913,0.0,FractalVision
280027,0,177246,0.0,"Gower Computer Support, Inc."
280028,0,1304,0.0,Guiness Communications Inc.
280031,0,6227,0.0,"IP Global, LLC"
280035,0,29513,0.0,Mile High Networks
280042,0,87142,0.0,Outback Internet LLC
280047,0,8039,0.0,"Rayfield Communications, Inc."
280051,0,14253,0.0,Rural Enterprises Inc.
280054,0,5918,0.0,Skylink Wireless Internet LLC
280057,1,470364,1086.0,"Tekify, LLC"
280063,0,559,318.0,Veloxnet Inc.
280067,0,34540,0.0,"Wisper, II LLC"
280068,0,35623,0.0,Zirkel Wireless
280069,0,14938,680.0,ZMP Holding Company
280071,0,7291,0.0,Eagle One Wireless
280072,0,29739,0.0,"Fastnet Wireless, LLC"
280073,1,34877,9.0,LARIAT
280074,1,23197,23197.0,Valu-Net LLC
280075,0,623,0.0,EastSierra.Net
280078,0,2985,0.0,"Horizon Cable TV, Inc."
290002,0,3138,0.0,"Bellaire Television Cable Company, Inc."
290003,0,140038,0.0,"HydroSoft Internet, Inc."
290004,1,27544,294.0,"@Link Services, LLC"
290005,1,44512,0.0,"A Better Wireless, NISP, LLC"
290006,0,98274,0.0,AirFiber
290007,0,41896,0.0,Alamo Broadband Inc.
290008,0,69389,0.0,"AlignTec, LLC"
290009,0,1829797,0.0,ALTIUS Communications LLC
290010,1,3965486,1745.0,AMG Technology Investment Group
290014,0,68400,0.0,"B2X Online, Inc."
290015,0,2028,0.0,"Bear River Communications, LLC"
290016,0,2017,0.0,"Believe Wireless, LLC"
290017,0,609,0.0,"Bitcom, LLC"
290018,0,229936,0.0,Bloosurf LLC
290019,0,469,0.0,BounceLinx
290021,0,890,0.0,Bspeedy Wireless Inc.
290023,0,35824,0.0,Celerity Networks LLC
290024,0,38,0.0,Cherokee Broadband Enterprise
290025,0,1064735,0.0,"Cibola, LLC"
290028,1,26401,26401.0,City of Opelika
290031,1,14868,14868.0,"Computer Techniques, Inc."
290037,1,1691,1691.0,"Digital Connections, Inc"
290039,0,142797,0.0,"DMCI Broadband, LLC"
290042,0,57143,0.0,"Electronic Corporate Pages, Inc."
290048,0,354,0.0,Extreme Broadband
290050,0,1100252,0.0,Future Technologies
290051,0,6367,0.0,Grand County Internet Services Inc.
290052,0,21857,0.0,In The Stix Broadband LLC
290053,1,4489,0.0,Innovative Financial Technologies LLC
290054,0,3077,0.0,"InnovativeAir, LLC"
290057,0,11251,0.0,"Interstate Wireless, Inc."
290058,0,587060,6436.0,JMZ Corporation
290061,0,17266,17266.0,"Lake Region Electric Cooperative, Inc."
290062,0,15546,0.0,Leader Communications LLC
290065,0,9960,0.0,LV.Net
290066,0,167,0.0,"M-22 Internet Project, LLC"
290074,1,34406,0.0,Wind River Internet
290077,1,62343,8331.0,"Origin Networks, LLC"
290079,0,21625,0.0,Portative Technologies
290081,0,89595,0.0,RidgeComms
290083,0,6522,0.0,Rio Verde Wireless
290086,0,12085,0.0,Rowe Wireless Networks LLC
290087,0,360608,0.0,Rural Broadband Network Services LLC
290088,0,1072654,0.0,San Diego Broadband
290089,0,31612,0.0,ShoreWaves
290091,0,3190,0.0,SmartBurst LLC
290092,1,100907,100907.0,Smiling J LLC
290093,1,246124,5506.0,"Sound Internet Services, Inc."
290099,0,32937,0.0,"Taos Net, LLC"
290103,0,13281,0.0,TELE-PAGE Inc.
290105,0,3503,32.0,Television Association of Republic
290106,0,599107,0.0,The Junction Internet LLC
290108,1,8370,0.0,"Tnet Broadband Internet, LLC"
290109,0,9582,0.0,Unwired LLC
290113,1,0,0.0,Village of Moose Lake
290114,0,1136,0.0,Vision Network
290118,0,175276,0.0,Webformix Company
290121,0,3858,0.0,"The Tahlequah, LLC"
290127,0,1732,0.0,Balatize
290128,0,13890,0.0,Kern Valley Wireless
300004,0,44195,0.0,"ADT Systems, Inc."
300005,1,48749,5923.0,"Acme Communications, Inc."
300008,0,26766,0.0,"Airosurf Communications, Inc."
300010,0,11037,0.0,Anvil
300015,0,1647,0.0,City of Bagley
300016,0,35727,0.0,"Basin 2 Way Radio, Inc."
300017,0,0,0.0,BelWave Communications
300019,0,41850,0.0,"Bluespan Wireless, LLC"
300020,0,275446,0.0,Borealis Broadband Inc
300023,0,10307,0.0,Broadlinc Communications LLC
300024,0,9535,0.0,Brolly Communications Inc
300025,0,335429,0.0,"Bug Tussel Wireless, LLC"
300026,0,8554,0.0,CCAonline
300027,0,253040,0.0,CTI Network
300029,0,1918117,0.0,Cirra Networks
300031,1,11663,11663.0,none
300037,0,137034,0.0,Connecting Point
300040,0,12823,12823.0,County of Lake
300043,0,3024653,0.0,"Cruzio Holdings, LLC"
300047,0,12219,0.0,"Door County Broadband, LLC."
300049,1,31724,31724.0,Eastern Shore of Virginia Broadband Authority
300053,0,170778,0.0,Electronics Service Company of Hamlet
300059,0,16685,15158.0,Fusion Media
300061,0,16797,0.0,Gaslight Media
300063,0,3560311,0.0,"Gutierrez-Palmenberg, Inc."
300065,0,38998,0.0,"Hocking Internet Technologies, Ltd."
300067,0,11371,0.0,IguanaNet L.L.C.
300069,0,266,0.0,International Power Systems LLC
300073,0,42834,0.0,"JTM Broadband, LLC"
300074,1,20352,2489.0,"Jo-Carroll Energy, NFP"
300076,0,522,0.0,Jump Wireless LLC
300077,0,30926,0.0,"Kansas Broadband Internet, Inc."
300078,0,653321,0.0,Windfield Enterprises
300083,0,41239,17559.0,LISCO
300085,0,118008,0.0,"Limitless Mobile Holdings, LLC"
300087,1,13711,13711.0,Marshall Municipal Utilities
300088,0,403,0.0,Maximum Broadband Solutions
300090,0,1001,0.0,MicroTek-Solutions LLC
300091,1,76847,76847.0,Midwest Energy Cooperative
300092,0,58775,0.0,Mission Valley Communications
300093,0,1831,92.0,Mosier WiNet LLC
300095,0,4275,0.0,Mountain Mesh
300101,0,131491,8712.0,Eastlight L.C. dba Natel
300105,0,32784,0.0,Network Computers L L C
300106,0,2908,159.0,NexGen Wireless LLC
300107,0,4661,0.0,"Night Owl Wireless, LLC"
300110,0,6223,4212.0,North Country Broadband
300111,0,27271,0.0,Northern Network Concepts
300112,0,29069,17519.0,OKPUD
300116,0,5523,0.0,"Pasty.net,Inc."
300117,0,16483,0.0,"PeakWiFi, LLC"
300119,0,5956,384.0,Privatel Inc.
300120,0,243514,0.0,Professional Value Internet Service Inc
300122,0,1984,0.0,RACC2000
300123,0,21669,0.0,Razer Wireless inc.
300124,0,12561,0.0,Redbird Internet
300125,0,47622,0.0,"Richon, Inc."
300126,0,465,0.0,"RidgeTop Internet, LLC"
300128,0,1081,0.0,Rio Cities
300131,0,42581,0.0,"Router12 Networks, LLC"
300132,0,47641,0.0,Royce's Electronics Inc.
300133,0,34088,0.0,S&B Technology Consultants
300136,0,325222,0.0,SDWisp
300137,0,21601,0.0,SMS llc
300138,0,3326,0.0,"SS Ventures, Inc"
300144,0,14490,0.0,Siuslaw Broadband
300146,0,6278,0.0,SkytechBB Internet
300147,0,1793,0.0,Slopeside Internet LLC
300149,1,8592,8592.0,Southwest Minnesota Broadband Services
300158,0,315113,0.0,Texas Broadband Inc
300159,0,15392,0.0,"Texas Cellnet, Inc"
300160,0,12009,0.0,"Texhoma Wireless, LLC"
300164,0,67077,1079.0,U
300168,0,40711,617.0,VVD Funding LLC
300170,1,1572610,3376.0,"Virginia Everywhere, LLC"
300171,0,124580,0.0,Mammoth Networks
300172,0,804157,0.0,WIRELESS INTERNET CORP
300173,0,727,0.0,WISPRENN
300175,0,15825,0.0,"XL Broadband, Inc."
300176,0,3660,0.0,"XSTREAM WIRELESS, LLC"
300179,0,502,0.0,Qrowireless of idaho inc
300180,0,21138,0.0,"rNetworks, LLC"
300181,0,19720,0.0,"BEH Communications, LLC"
300182,0,4694,0.0,Bridger Valley Electric
300184,0,21992,0.0,COMMUNITY COMMUNICATIONS COMPANY
300186,1,36053,893.0,"Internet Consulting Services, LLC"
300187,0,915,0.0,RC Wireless
300190,0,5417,846.0,Lynch Interactive Corporation
300191,1,106263,47013.0,"NTELOS, Inc."
300192,1,94401,71800.0,U.S. Connect
300194,0,10273,0.0,Interlakes Wireless LLC
300198,0,8736,0.0,Wasatch Broadband
300199,0,13841,0.0,Encore Business Systems
300205,0,1430,0.0,Ruhl Moore Technologies
310000,0,106299,405.0,Brick Skirt Holdings
310001,1,785207,0.0,"Vivint Wireless, Inc."
310006,1,9053,0.0,Ampersand Technologies LLC
310010,0,64733,0.0,Back 40 Wireless LLC
310013,0,42128,42128.0,Blue Ridge Mountain Electric Membership Corporation
310015,1,153713,0.0,California Internet
310016,0,2159,0.0,"Cape Ann Communications, Inc."
310019,0,13892,0.0,"Chaffee County Telecom, LLC"
310020,0,3591,27.0,"Chesapeake Bay Communications, LLC"
310021,1,37743,37743.0,City of Salisbury
310023,1,295326,18331.0,"Clarity Telecom, LLC DBA Vast Broadband"
310024,1,13886,162.0,Clearnetworx LLC
310027,0,26327,0.0,"Conifer Communications, Inc."
310028,0,7530,0.0,Consolidated Broadband Systems LLC
310030,0,3572,0.0,Coulee Internet Services Company
310031,1,2754,2754.0,County of Nelson
310035,0,423552,0.0,"DSLbyAir, LLC"
310036,0,10490,0.0,E.L. Automation Inc.
310040,0,18272,0.0,Gtek Communications
310041,1,11585,11585.0,Habersham Electric Membership Corporation
310042,0,262960,0.0,Helmsco Inc
310044,1,82,82.0,Innovative Tech Pros
310045,0,4310,0.0,Iron River TV
310052,0,10482,0.0,"Network Professionals, Inc."
310053,0,56665,0.0,New Source Broadband
310054,0,922,9.0,"North Georgia Network Cooperative, Inc."
310055,1,31817,1974.0,"Port Networks, Inc."
310058,0,527206,169.0,Ptera Inc
310059,1,10778,0.0,"Redburn Infrastructure, LLC"
310060,0,3347,0.0,Ripflo Network
310061,1,12083,404.0,"Salish Networks, Inc."
310062,1,1901,1901.0,Sebewaing Light and Water
310063,0,7344,0.0,Signal West LLC
310065,0,179731,0.0,"Softcom Internet Communications, Inc."
310066,0,782427,0.0,"Surf Air Wireless, LLC"
310067,0,7424,0.0,Surfnet Communications
310079,1,43022,0.0,Verso Networks
310081,0,2550,0.0,Visual Link
310082,0,47519,0.0,WAVELINC COMMUNICATIONS
310083,1,8569,4703.0,WiValley
310084,0,16703,0.0,WLanJV Inc.
310085,0,104812,0.0,Xtream Internet
310088,0,16786,0.0,Zulu
310090,0,54,0.0,"Block Line Systems, LLC"
310092,1,17668,17668.0,Town of Concord MA
310096,0,141449,0.0,"VisiCom Group, Inc."
320004,0,3525,0.0,Agile Networks
320013,0,196857,0.0,"B&B Communications, Ltd."
320014,0,45826,0.0,Backroads Broadband
320016,1,33618,286.0,"Bethune Company, LLC"
320018,0,1832464,0.0,Brown Dog Networks LLC
320022,0,2369,0.0,"Cityless Internet Services, LLC"
320028,0,45834,0.0,"CoomZoom Communications, LLC"
320031,0,163955,0.0,"Country Wireless, LLC"
320037,0,15864,0.0,"Echo Wireless Broadband, Inc."
320042,0,51707,0.0,Fort Code Inc.
320045,1,79795,0.0,Giggle Fiber LLC
320047,1,93740,93740.0,"Greenlight Networks, LLC"
320049,0,2808,716.0,"High Mountain Farm, LLC"
320050,0,1347,0.0,Hilltown Networks
320051,0,21697,0.0,"HPAZ.net, LLC"
320053,0,32421,3309.0,Illinois Electric Cooeprative
320055,0,1447,0.0,"Internet Services, LLC"
320056,1,15756,12665.0,Island Network LLC
320057,0,9223,0.0,iWiSP LLC
320059,0,311,0.0,"Last Mile Wireless, LLC"
320062,0,13266,0.0,Mojavewifi.com LLC
320068,0,19171,0.0,Northern Community Investment Corporation
320074,0,2271,0.0,PennWisp LLC
320075,1,6570,0.0,"Prairie Hills Wireless, LLC"
320080,0,22473,0.0,SBT Internet Incorporated
320081,0,9603,0.0,SkyHi Corp.
320082,0,10479,0.0,SkyNet Communications of Kentucky LLC
320084,0,99352,0.0,Small Business Solutions Group L.L.C.
320086,0,15322,0.0,Sooner Wireless LLC
320087,1,36169,0.0,"Stephouse Holdings Company, LLC"
320088,0,70242,0.0,"Stratosnet Technologies, Inc."
320090,0,14788,0.0,T G Ferguson Company
320091,0,555003,0.0,Tabco Services
320092,0,32878,97.0,"Tennessee Wireless, LLC"
320093,0,7063,0.0,The Laffoon Corporation
320094,0,2928,0.0,"Total Radio Service, Inc."
320096,0,12219,0.0,Tristate Internet
320100,1,21995,21995.0,"Valleynet, Inc."
320105,0,19844,0.0,Wilderness Wireless
320112,0,17891,0.0,"Declaration Networks Group, Inc."
320113,0,481,0.0,"New Era Broadband, LLC"
320114,0,46475,0.0,"TISD, Inc."
320116,1,24162,1194.0,"Hawaii Dialogix Telecom, LLC"
320117,0,20166,0.0,"Hot Spot Broadband, Inc."
320124,0,747176,0.0,"Telegia Communications, Inc."
320125,0,81811,0.0,BM Service Corp.
320126,0,7263,0.0,"Spring City Cable TV, Inc."
320127,1,953637,734.0,Safelink Internet
330001,0,1798,0.0,"Northwest Missouri Holdings, Inc."
330002,1,438870,0.0,Service Electric Television Inc.
330003,0,119958,0.0,Red Shift Internet Services
330004,0,11311,0.0,"AIRFIBER WISP, LLC"
330005,0,8373,0.0,"American Wireless, Inc. (MO)"
330006,0,8805,0.0,"ANTS-Technology, Inc."
330008,0,545,0.0,Ayacht Technology Solutions
330010,1,425,425.0,Byte Networking LLC
330013,0,66804,66804.0,City of Ocala
330018,0,6539,0.0,"Cowboy Telephone, Inc."
330020,0,4611,0.0,CynergyComm.net
330023,0,35,0.0,"Echo IT Consulting, LLC"
330029,0,356,0.0,"Fool Creek Wireless, LLC"
330031,0,96,96.0,Franklin Electric Plant Board
330032,1,22463,5916.0,Fundamental Holdings Corp
330034,0,6834,248.0,"Geneva Broadband, LLC"
330035,0,4513,0.0,Go Bee Wireless LLC
330042,0,35646,0.0,Kelly Supply Company
330044,1,3746,0.0,"Legacy ISP, LLC"
330045,0,31760,0.0,"LocaLoop, Inc."
330052,0,2933,0.0,"Nedernet, Inc."
330053,0,15309,0.0,NETEO Inc.
330054,0,10488,0.0,Nez Perce Tribe
330055,1,45634,45634.0,Northeast Rural Services
330057,1,705,0.0,Paladin Wireless LLC
330059,0,166002,0.0,PrineTime Internet Solutions
330062,1,38095,38095.0,"Race Telecommunications, Inc."
330064,1,47809,9723.0,RS Fiber Cooperative
330066,0,10201,0.0,"SeaKay, Inc."
330067,1,183620,183620.0,Sho-Me Power Electric Cooperative
330071,0,9363,0.0,"Skyweb Networks, INC"
330072,0,1377,0.0,"Smoky Valley Internet, LLC"
330073,1,882,60.0,Spark Fiber LLC
330074,0,43236,0.0,SyncWave LLC
330076,0,3689,0.0,Tekfinity
330080,0,711,0.0,3rd Coast Internet
330081,0,6653,0.0,"Wallowa Valley Networks, LLC"
330082,0,173819,0.0,"Washington Broadband, Inc."
330083,0,510,0.0,Whitestone Community Association
330084,0,132449,0.0,Wireless Internet Solutions Experts LLC
330085,0,5177,0.0,Xoom Link LLC
330086,0,2294,2012.0,"LaHarpe Telephone Company, Inc."
340001,1,4405094,54942.0,"Valley Telephone Cooperative, Inc. (TX)"
340002,0,759,0.0,Airhawk Wireless
340003,0,8879,0.0,"AiroComm, LLC"
340004,0,1125,0.0,Allamakee-Clayton Electric Cooperative Inc
340008,1,14944,14817.0,ARK-O Holding Company
340009,0,17045,0.0,AWC LLC
340012,1,21443,21443.0,"Callabyte Technology, LLC"
340015,1,121328,4808.0,"Comelec Services, Inc."
340019,0,344847,0.0,Delmarva WiFi
340020,0,14409,0.0,DesertGate
340025,0,70647,0.0,"Encounter Wireless, LLC"
340026,1,5568,5568.0,FiberSpark Inc.
340029,0,280571,0.0,"Gallatin Wireless Internet, LLC"
340031,0,3651,0.0,"Hospitality Integrated Services, Inc."
340032,0,7867,0.0,"HUB Electronics, Inc"
340036,0,33314,0.0,Tiger Computer Consulting
340041,0,34812,0.0,"Jefferson State Broadband, Inc."
340042,0,408,0.0,Karuk Tribe
340043,0,1039,0.0,"Leap Communications, LLC"
340045,0,4282,0.0,MJM TELECOM CORP.
340047,0,463959,0.0,"Mobius Internet, I.T. and Communications"
340048,0,10909,0.0,Mtida
340050,0,18918,0.0,"Netlive Networks, LLC"
340053,1,4049,4049.0,"Ohio Telecom, Inc."
340055,1,2523,0.0,"OsoInternet Solutions, lLC"
340058,0,51658,5188.0,"Pend Oreille Valley Networks, Inc."
340059,1,5085,0.0,"Plains Internet, LLC"
340061,1,25921,0.0,"Resound Networks, LLC"
340066,1,60576,0.0,Sail Internet
340068,0,261857,0.0,"Skynet Country, LLC"
340069,0,16186,112.0,"Starwire Technologies, LLC"
340070,1,47822,47822.0,"Sunset Digital Communications, Inc."
340071,0,4172,0.0,SylverNet
340076,1,523446,523446.0,"Ultimate Internet Access, Inc"
340079,0,2315,0.0,Vertical Broadband LLC
340083,1,10123,321.0,Whitewater Wideband LLC
340084,1,751,0.0,Wide Open Networks
340085,0,6949,0.0,"Winters Broadband, LLC"
340088,0,17591,0.0,"Zoom Broadband, LLC"
340089,0,16460,0.0,RoadRunner wireless
340091,0,10353,0.0,Aroostook Technologies Inc.
340093,1,9,0.0,Dillon Beach Internet Service
340094,0,6746,0.0,Fastlink Communications
340095,0,11035,0.0,"Keltgen Technology, Inc."
340096,0,108898,0.0,Mechcom Dot Net LLC
340098,0,3777889,0.0,unWired Broadband
350004,1,3473,3473.0,A1 Fiber
350005,0,8290,8169.0,Advanced Wireless
350006,0,182,0.0,"Advantenon, Inc."
350008,0,10085,0.0,Aerolink Networks
350011,0,3826,0.0,"Arx Technologies, LLC"
350012,1,15663,15324.0,"ATV Holdings, LLC"
350014,1,58522,680.0,Bays ET Highspeed Internet Service
350015,0,8216,0.0,"Belzoni Cable, LLC"
350017,0,29485,0.0,BlueBit Networks LLC
350018,0,180900,0.0,"Byhalia.net, LLC"
350019,0,205689,0.0,"CASCO Communications, Inc."
350020,0,2717,0.0,Cedar Creek Wireless
350021,0,8590,0.0,Centex Web Access
350025,1,17576,17576.0,Waverly Utilities
350030,0,156179,0.0,Corridor Wireless
350032,1,28222,28222.0,CVIN LLC
350033,0,183,178.0,"D4US, LLC"
350034,0,6725,0.0,Denton Commercial Internet Inc.
350036,0,2290,0.0,"Digital Aurora Radio Technologies, LLC"
350037,0,81,0.0,Dry Creek Internet and Communications LLC
350039,0,2533,0.0,"EBTX Wireless, LLC"
350041,0,3124,3097.0,"Enqwest, LLC"
350043,0,1892,0.0,Flatwater Wireless
350045,0,318,0.0,"GOCO Wireless, Inc."
350046,0,6473,0.0,Grand Avenue Broadband
350047,0,56665,0.0,"H.I. Cable, LLC"
350048,1,31539,0.0,Hammer Fiber Optic Investments Ltd.
350051,0,272237,0.0,"iGo Technology, Inc."
350055,1,5699,0.0,"Invisalink Wireless Missouri, Inc."
350058,0,10180,0.0,"Jenco Wireless, LLC"
350060,0,71566,0.0,Killians Electronics LLC
350063,0,99223,0.0,Media Net Wifi
350064,0,682,0.0,Mid MO Micro Computers
350067,0,221305,171.0,Monster Broadband Inc
350068,0,78967,0.0,"MR Systems Wireless, LLC"
350069,0,116118,0.0,NCI Datacom
350070,0,82590,0.0,"Net Liquidations, Inc."
350071,0,1258,0.0,North Central Kansas Community Network
350072,0,7018,0.0,North Coast Internet
350073,0,49284,0.0,"NuWave Technology, Inc."
350076,1,4787,4787.0,"PowerComm Broadband, LLC"
350078,0,93526,0.0,RAA Data
350079,0,5076,0.0,RainWare LLC
350080,0,153659,0.0,Ranch WiFi LLC
350081,1,563,0.0,River Valley Internet
350082,1,11080,11080.0,Rocket Fiber LLC
350085,1,96508,92989.0,"Seaport/CWB iTV-3 Holdco, LLC"
350087,0,2962,0.0,Seymour Channels Satellite
350088,0,144148,0.0,Shelby Electric Cooperative Inc
350089,0,13792,0.0,Simply Cyber Inc
350091,1,133533,554.0,"Skyrunner, Inc."
350093,0,605793,0.0,SOS Communications LLC
350094,0,54452,0.0,South Valley Internet
350095,0,1593991,0.0,Southern California Telephone Co
350099,1,7369,0.0,"Taneynet Broadband, Inc."
350100,0,2654,0.0,Telecom West Inc.
350104,0,1060,0.0,TRANSWAVE
350105,1,37355,0.0,"Triad Wireless, LLC"
350106,1,2772,1698.0,"Tri-Co Technologies, LLC"
350110,0,245279,0.0,"Velocity Communications, Inc."
350111,0,10713,16.0,Verona Networks LLC
350117,0,16432,0.0,"Wireless Internet Services, Inc."
350118,0,3621,0.0,"Workable Programs & Systems, Inc."
350120,0,15547,0.0,Xtreme Enterprises LLC
350123,1,186435,0.0,Blue Stream
350128,0,1453,0.0,"CNSP, Internet, dba NMSURF"
350129,1,2403,0.0,"Apps Communications, Inc."
350131,1,4261,0.0,"AiroNet, LLC"
350132,0,40804,0.0,"Common Networks, Inc."
350133,0,3610,0.0,Grace Communications
350134,0,564,0.0,AVISP
350140,0,3127,0.0,"Northern Nevada High Speed, LLC"
350200,0,1037,0.0,Wifi Squared LLV
360002,0,13674,0.0,"ABG Wireless, LLC"
360005,0,372,372.0,"B&B Communications, LLC"
360006,1,13435,13435.0,"Bandera Electric Cooperative, Inc."
360007,1,4143,4143.0,Barry Electric Cooperative
360008,1,1001,0.0,Beyond Media Inc.
360009,1,70891,70891.0,"BG Networking, LLC"
360010,0,107695,0.0,Blue Pulse Networks LLC
360011,0,22962,0.0,Blue Zoom Inc.
360012,0,2595,0.0,"Breeze Broadband Communications, Inc."
360013,0,9274,0.0,Cajun Broadband Inc.
360014,1,68358,68358.0,"CarolinaConnect Cooperative, Inc."
360018,0,5079,0.0,Click Computers Inc.
360021,0,746,0.0,Cyber Protection Group LLC
360022,0,30967,0.0,"Desert iNET, LLC"
360025,0,50609,0.0,EagleZip.com LLC
360029,1,10939,10939.0,Erwin Utilities
360030,1,6032943,0.0,"Etheric Networks, Inc."
360032,0,102083,0.0,Georgia Highspeed Country Internet
360033,0,99,0.0,Gifford Wireless Inc.
360038,0,6902,0.0,"High Rapid Networks, LLC"
360043,1,12415,0.0,Invisalink Wireless Enterprises LLC
360044,0,2032,0.0,iSpeed Internet LLC
360048,1,5014,0.0,Kix Internet
360049,0,68674,0.0,"Local TV & Electronics, Inc."
360052,1,22584,22584.0,Maquoketa Valley Rural Electric Cooperative
360055,1,62544,62544.0,Morristown Utility Commission
360056,0,21292,0.0,Necto Inc.
360061,0,13994,0.0,"One Ring Networks, Inc."
360064,1,5403,0.0,OptimERA Inc.
360065,1,62753,62753.0,"Ozarks Electric Cooperative, Inc."
360068,1,22862,11811.0,"Pioneer Wireless, Inc."
360069,0,2493,2493.0,Prince George Electric Cooperative
360071,0,625,0.0,Rocket Connect
360073,0,1414,0.0,"Scott Technologies & Telecom, Inc."
360075,0,4945,0.0,St. Maries Gazette Record
360077,0,3523,0.0,StraightUpNet LLC
360078,0,640,0.0,Stream It Networks LLC
360080,0,507,0.0,"Tarkus Enterprises, LLC"
360085,0,130604,0.0,"Texoma Communications, LLC"
360086,1,859,0.0,"theWISP.net, Inc."
360087,1,59675,59675.0,"Ting, Inc."
360089,0,69736,0.0,"Tower Net Communications, Inc."
360090,0,715,0.0,Town of Warwick
360092,0,52,0.0,"Two Tin Cans, LLC"
360093,1,8065,0.0,Unggoy Broadband LLC
360094,1,38874,2597.0,"Valley Communications Association, LLC"
360097,0,9,0.0,Wells Community Internet Project
360100,0,2813,0.0,Zetalink LP
360101,1,9721,0.0,"Apps Communications, Inc."
360103,0,19715,16279.0,"WestPAnet, Inc."
360104,1,5565,0.0,"Ethoplex, LLC"
360105,1,709118,0.0,"CNSP, Internet, dba NMSURF"
360106,0,20185,4758.0,LakeNet LLC
360109,1,15543,0.0,Iroute Inc DBA 12Global.com
360111,1,703,165.0,Greenfield Community Energy & Technology (GCET)
360113,1,1298,0.0,"Smiling J, LLC"
360114,0,9991,0.0,Union Holding Corp.
360115,0,3200,0.0,AIRCELL INC
360116,0,2495,0.0,Emerald Cable
360118,0,3367,0.0,"Good Connections, LLC"
360119,0,71,0.0,Hankins Information Technology
360122,0,4863,0.0,Cameron McCurday
360123,0,183,0.0,Pueblo of Laguna
360124,0,4833,1906.0,Red Spectrum Communications LLC
360125,1,146929,0.0,"Redzone Wireless, LLC"
360128,1,8929,0.0,Net Vision Communications LLC
360132,0,9201,0.0,"Big Sky Internet, Inc."
360134,1,90059,2099.0,Fybercom
370001,0,177,0.0,"325 Internet, LLC"
370003,1,13534,0.0,"432 Internet, LLC"
370004,0,10,0.0,"600Amps Internet Services, Inc."
370005,0,502,0.0,A.C.T.S LLC
370007,0,1711,0.0,Aeron Wireless
370008,0,5037,0.0,Affinity Technology Solutions LLC
370009,0,111745,0.0,"Aire Communications Group, Inc."
370011,0,1535,0.0,Anterior Communications LLC
370012,0,89,0.0,Azure Standard
370015,0,0,0.0,Bay Country Communications
370016,0,8154,0.0,"BDA Wireless, LLC"
370017,1,10383,116.0,Black Mesa Wireless LLC
370019,0,96413,0.0,BTWI
370020,0,163646,0.0,Media 3
370022,0,257,0.0,"Central Nevada AC-DC Electric, Inc"
370023,0,163,0.0,Central Park Systems Corporation
370026,0,28807,0.0,City Wireless
370027,0,2251,2251.0,"CompassMSP, LLC"
370028,1,50060,13783.0,"Consolidated Smart Broadband Systems, LLC"
370029,0,1054,1054.0,"Continental Divide Electric Cooperative, Inc."
370032,1,28765,28765.0,Delta Montrose Electric Association
370034,1,3219,0.0,Echo Broadband
370035,0,7,0.0,"Engineer Austin, LLC"
370037,1,10551,3549.0,"Falcon Broadband, Inc."
370038,1,2281,0.0,Falcon Interent
370039,0,1521,0.0,"Florida WiFi, LLC"
370044,0,72,0.0,HCWireless
370048,0,7269,0.0,Hillcom Inc
370050,1,10559,10559.0,Holland Board of Public Works
370062,0,181033,0.0,"Isotech, Inc"
370063,0,19342,0.0,ISP Management Inc.
370066,0,356,0.0,Lavalink
370067,0,1758,0.0,"Locl-Net, Inc."
370068,1,18042,13898.0,"MCC Network Services, LLC"
370069,1,803,481.0,Megawatt Communications LLC
370071,0,180,0.0,"Native Network, Inc."
370073,0,1793,0.0,NET NV LLC
370074,1,35424,35424.0,NetSpeed LLC
370075,0,6625,0.0,Newarknet
370079,0,1591509,0.0,"Nuvision Solutions, LLC."
370081,0,567021,0.0,"Omnipoint Technology, Inc."
370082,0,22979,119.0,Pacific Lightwave Inc.
370088,1,603746,37215.0,PocketiNet Communications Inc.
370089,0,39672,0.0,"Point Broadband, LLC"
370090,1,5577,5577.0,Premier Satellite
370099,0,3857,0.0,"Roll Call Security & Communications, LLC"
370102,0,948,0.0,SIFIBE
370106,0,3932,0.0,Softworx Incorporated
370108,1,9028,9028.0,"South Central Communications, Inc."
370110,1,5251,1554.0,Stealth Broadband
370115,1,12534,0.0,TCC Networks Inc
370121,0,3431,0.0,TellerWifi LLC
370125,0,69713,0.0,Texanet Partners LLC
370127,1,18571,18571.0,Tullahoma Utilities Authority
370128,1,2444,2444.0,TUTTLE DEVELOPMENT AUTHORITY
370129,1,1184,1184.0,Union City Electric System
370130,1,1997,223.0,"United Datacom Networks, Inc"
370132,0,927,0.0,Upnetwi Llc
370138,0,1781,0.0,Warp Networks Inc.
370139,0,11287,0.0,"Warp2, inc"
370141,1,14090,0.0,"Wi-Fiber, Inc."
370142,0,21713,0.0,"Wifinity, LLC"
370145,0,218,0.0,"XGNET, LLC"
370146,0,7,0.0,"X-Tech, LLC"
370150,0,12386,0.0,"West Alabama TV Cable Co, Inc"
370151,1,8286,0.0,Aeronet Wireless Broadband LLC
370155,0,304,0.0,Midstate Broadband
370156,0,6070,0.0,Aaris
370157,0,3426,0.0,"Mountain iNet, Inc."
370158,1,3970,487.0,Bluestem
370160,0,6855,0.0,Smith Internet Solutions
370161,0,5676,0.0,WIFIRUS
370162,1,5691,3440.0,"San Luis Valley Rural Electric Cooperative,Inc."
370163,0,16263,0.0,Mitec
380002,0,142,0.0,5D Networks LLC
380003,0,1472,0.0,Acadiana Wireless LLC
380012,0,89,0.0,"Andrena, Inc."
380013,1,6054,6054.0,"Anza Electric Cooperative, Inc."
380014,0,618,0.0,"Ascent Broadband, LLC"
380015,0,230,0.0,Aurora Cable TV CO
380016,1,16873,16873.0,BARC Electric Cooperative
380020,0,17522,0.0,Bradford Broadband LLC
380028,0,3152,0.0,Cobalt Ridge LLC
380030,0,5,0.0,Community Broadband Company
380031,0,28188,0.0,Community Internet Providers LLC
380034,1,1486,1486.0,"Consolidated Electric Cooperative, Inc."
380038,0,639,0.0,ENCO Electronic System LLC
380039,0,4887,0.0,"Esparto Broadband, Inc."
380040,1,7596,2664.0,Fast Forward Broadband LLC
380042,0,1236,0.0,Fireball Wireless LLC
380045,1,2865,2865.0,French Broad Electric Membership Corporation
380047,0,108141,0.0,Genesis Technology Communications LLC
380048,0,164,0.0,"Gigabeam, LLC"
380049,0,14,0.0,GigaLinx Communications LLC.
380051,0,124915,0.0,"Grizzly Broadband, LLC"
380052,0,0,0.0,Groot Internet
380053,0,277,0.0,Hidden Valley Broadband
380054,0,14683,0.0,HofNet
380055,0,2085,0.0,"Honeyberry Hill Consulting, LLC"
380059,1,813,813.0,Jackson County REMC
380061,0,1026,0.0,Johnco PTP LLC
380062,1,777,0.0,"JORP, LLC"
380063,0,28892,0.0,JTN Communications
380064,0,326763,0.0,"KC Web, Inc."
380065,0,1281,0.0,KGI Communications LLC
380066,0,12235,0.0,KLW Communications Inc.
380069,0,697,0.0,Liberty Broadband LLC
380070,1,224,224.0,"LightGig Communications, LLC"
380071,0,152,0.0,Linxus Internet
380072,0,1072,0.0,"LR Communications, Inc."
380073,0,135,0.0,Madison Gigabit Internet
380075,0,762,762.0,MARSHALL COUNTY FIBER LLC
380077,0,1684,0.0,MEL AeroFlight
380078,0,601,0.0,Midwest Connections
380079,0,933,0.0,"Mike Gunther Industries, Inc"
380080,1,1195,1195.0,Mille Lacs Energy Cooperative
380081,0,2101,0.0,"Mimbres Communications, LLC"
380083,0,64728,0.0,Mountain Broadband Networks LLC
380086,0,131,0.0,"Network Tool and Die Company, Inc."
380087,0,270,0.0,"Networx Technologies, LLC"
380089,1,7813,7813.0,"Next, powered by NAEC, LLC"
380090,0,8040,0.0,Next-Level Technology Partners
380091,0,15483,0.0,Nextwave Wireless LLC
380093,1,22332,22332.0,North Alabama Electric Cooperative
380095,0,1377520,0.0,"On-Ramp Indiana, Inc."
380097,0,304,0.0,Pacific Independent Technology Alliance LLC
380098,0,160060,0.0,Palomar Broadband
380099,1,28291,4702.0,Paragould Light & Water Commission
380100,0,14310,0.0,"Phoenix Broadband, LLC"
380104,1,63,0.0,Rarity Solutions
380107,0,80393,0.0,Ridgewood Holdings LLC DBA Net 3 isp
380109,0,17996,0.0,"Rising Wireless, Inc."
380110,0,1336,0.0,Roanoke Electric Membership Corp.
380111,0,25801,0.0,RT21.NET
380112,1,49612,0.0,"Seaport Capital/Countrywide Broadband, LLC"
380113,0,5234,0.0,Sho-Me Technologies
380117,1,9904,2022.0,Snake River Solutions LLC
380118,1,14419,854.0,"South Central Tower Co, LLC"
380119,0,373,0.0,"Southern Internet, Inc."
380120,0,2164,0.0,"Southern Network Services, L.L.C."
380121,0,320,0.0,Spillway Communications Inc
380124,0,171805,0.0,Sureline Broadband LLC
380129,0,404,0.0,"Technically Awesome, LLC"
380132,0,11385,0.0,The Peoples State Bank
380138,0,67297,0.0,Veopoint
380139,0,9,0.0,Verde Valley Internet
380146,0,15631,0.0,W S Electronics LLC
380148,0,14757,0.0,"WHEELER BROTHERS GRAIN CO., INC"
380149,0,4350,0.0,"WiFires Communications, LLC"
380150,0,25973,0.0,WiSpan Internet LLC
380151,1,391711,391711.0,Yomura Fiber Holdings Inc
380153,0,2662,0.0,"Zion Broadband, Inc."
380155,0,89569,0.0,Freund Enterprises Inc.
380157,0,687550,0.0,Atlas Broadband
380158,0,950720,0.0,"Ayera Technologies, Inc."
380159,0,1792,293.0,"xBar7 Communications, LLC"
380161,0,423,0.0,B.J. Ash
380162,0,510,0.0,"Lake Country Internet, LLC"
380163,0,72,0.0,winet
380164,0,1976,0.0,blue ridge internet service company
380166,0,169510,0.0,"Stratos Networks, LLC"
380167,0,36859,0.0,"Net Ops Communications, LLC"
